prolific_ID,time,tract,CountyCode,County,State,tractArea,tractArea_NQ,numParks,numParks_NQ,parkArea,parkArea_NQ,propPark,propPark_NQ,popultion,popultion_NQ,popDensity,popDensity_NQ,parkAreaPerPerson,parkAreaPerPerson_NQ
5e77116039c4412820356b26,2,06085512001,6085,Santa Clara,CA,19700000,3,7,4,1308560.8,4,0.06627608,4,7025,4,3.565989847715736e-4,2,186.27200000000002,4
5c3a865019ceb400010c914a,2,25017351204,25017,Middlesex,MA,579328.5,1,6,4,25033.69,2,0.04321156,4,4295,3,0.0074137557534283225,4,5.828565774155995,2
5ea894742b0def30e41aa60d,2,04013103302,4013,Maricopa,AZ,2499626,2,1,2,63142.855,3,0.02526093,3,6376,4,0.0025507815969269,4,9.90320812421581,3
5d6ef023cfe0a400198f911e,2,17043841501,17043,Du Page,IL,13900000,3,4,4,2082266.8,4,0.14943259,4,5927,4,4.2640287769784175e-4,2,351.3188459591699,4
5d29346269a747001acdb205,2,53033006400,53033,King,WA,903650.4,1,1,2,8105.3506,2,0.00896956,3,3420,2,0.003784649461783008,4,2.3699855555555556,2
5dcaf5db575da17c63ebb51b,2,12099004813,12099,Palm Beach,FL,3369333,2,0,1,0,1,0,1,6655,4,0.0019751683790233854,3,0,1
5ae7f99bd5ec5e000175f097,2,06077005308,6077,San Joaquin,CA,1398323,1,2,3,55335.287,3,0.03957261,4,4391,3,0.0031401900705344903,4,12.601978364837166,3
5ea0983e64603e06e32eb1f4,2,48029171916,48029,Bexar,TX,5563626,3,1,2,151117.75,3,0.02716174,3,10592,4,0.0019037943959568813,3,14.26715917673716,3
5a8f13595292b80001235e09,2,32003005834,32003,Clark,NV,10800000,3,0,1,0,1,0,1,3291,2,3.0472222222222223e-4,2,0,1
5f6d434b44cd121bbb5179dc,2,15003008415,15003,Honolulu,HI,NA,NA,NA,NA,NA,NA,NA,NA,NA,NA,NA,NA,NA,NA
5df66d09dc8535465a0b0bae,2,26163540400,26163,Wayne,MI,1277209,1,1,2,11485.3,2,0.0089925,3,2632,1,0.002060743386556155,3,4.3637158054711245,2
5b112baa9663ee000145eed2,2,19113000300,19113,Linn,IA,5004161,2,7,4,288834.08,4,0.05771879,4,5714,4,0.0011418497526358565,3,50.54849142457123,4
5d45c2d1da9cb60015aa4312,2,19061010101,19061,Dubuque,IA,8250523,3,1,2,422204.28,4,0.05117303,4,2500,1,3.0301109396337663e-4,2,168.88171200000002,4
5c2b4b959f18a9000179a141,2,06019003004,6019,Fresno,CA,1306270,1,1,2,19878.15,2,0.0152175,3,2509,1,0.0019207361418389767,3,7.92273814268633,3
5f2087ce96df3538e09a6680,2,36055011800,36055,Monroe,NY,4288387,2,4,4,136810.01,3,0.03190244,3,5345,4,0.001246389376705041,3,25.595885874649206,3
5ed2958cf3d85d0880db5011,2,06073007911,6073,San Diego,CA,NA,NA,NA,NA,NA,NA,NA,NA,NA,NA,NA,NA,NA,NA
5a7618b18fe2dc0001057243,2,08031003401,8031,Denver,CO,1128060,1,1,2,15842.528,2,0.01404405,3,2998,2,0.002657660053543251,4,5.284365577051368,2
5ea77b0161f86b151f475c8f,2,13059150500,13059,Clarke,GA,6043951,3,2,3,160220.81,3,0.02650928,3,5285,4,8.744280024771875e-4,2,30.316141911069064,3
5e683c4d6ca0f9000d3f35fe,2,32003005834,32003,Clark,NV,10800000,3,0,1,0,1,0,1,3291,2,3.0472222222222223e-4,2,0,1
5c57631a47a04100010da795,2,27053125600,27053,Hennepin,MN,2517353,2,9,4,171311.97,3,0.06805244,4,5233,4,0.002078770835874031,3,32.73685648767437,3
5dd42e7f35cf744223c60d1b,2,54039011401,54039,Kanawha,WV,35300000,3,0,1,0,1,0,1,2740,1,7.762039660056658e-5,1,0,1
5c663cd56fdc87000162e255,2,42125745102,42125,Washington,PA,NA,NA,NA,NA,NA,NA,NA,NA,NA,NA,NA,NA,NA,NA
5f44c445cfb0a801244f652f,2,17031804404,17031,Cook,IL,3100498,2,2,3,348479.8,4,0.11239479,4,5147,4,0.0016600559006972428,3,67.70542063337867,4
5cfdd7d53ca1bb00011030d4,2,39133601503,39133,Portage,OH,4014622,2,4,4,66129.339,3,0.01647212,3,4839,3,0.001205343865499666,3,13.665910105393678,3
5ea434a104834a3d5ab8b0b7,2,12103024002,12103,Pinellas,FL,3394956,2,2,3,35558.937,3,0.01047405,3,5224,4,0.001538753374123258,3,6.806840926493108,2
5f90849f0794511514004e6b,2,35049001202,35049,Santa Fe,NM,5575388,3,3,3,64397.637,3,0.01155034,3,5779,4,0.0010365197901921804,3,11.143387610313203,3
5e83a70264ef720de1e5e694,2,34007608600,34007,Camden,NJ,5108480,2,6,4,247867.37,4,0.04852077,4,5338,4,0.0010449292157354046,3,46.434501686024724,4
5f0c61f219803a07239a4269,2,06037481001,6037,Los Angeles,CA,1049642,1,1,2,72011.195,3,0.06860546,4,4271,3,0.004069006385034136,4,16.8604998829314,3
5f4c5105ad5ee685d48bcca2,2,17031803015,17031,Cook,IL,3306179,2,3,3,87365.93,3,0.02642505,3,4631,3,0.0014007106088327341,3,18.865456704815372,3
5ef659991d975d12c6e7c555,2,36013035901,36013,Chautauqua,NY,11700000,3,2,3,42462.596,3,0.00362195,2,4542,3,3.882051282051282e-4,2,9.348876265962131,3
5df9846d76f45070feedf075,2,04013616900,4013,Maricopa,AZ,2753676,2,3,3,792568.76,4,0.28782211,4,4396,3,0.0015964114877712555,3,180.29316651501364,4
5fa3146a9b17545c04ce5b06,2,06073014803,6073,San Diego,CA,1870055,1,2,3,39834.076,3,0.02130102,3,5048,3,0.0026993858469403307,4,7.891061014263075,3
5c28c65636efd800010f30fb,2,06085512047,6085,Santa Clara,CA,1655133,1,0,1,0,1,0,1,5379,4,0.0032498898880029582,4,0,1
5f5d967f60d7fa5fdca4cc4f,2,36079011900,36079,Putnam,NY,31400000,3,0,1,0,1,0,1,5223,4,1.663375796178344e-4,2,0,1
5f5d699b1b86c05bcf242f45,2,24031701005,24031,Montgomery,MD,1951062,2,10,4,119317.11,3,0.06115497,4,3281,2,0.0016816482510550665,3,36.36608046327339,3
5e3a179221d603235d3f85e3,2,05035030201,5035,Crittenden,AR,5960640,3,3,3,50545.765,3,0.00847992,3,5355,4,8.983934611048478e-4,2,9.438985060690943,3
59417543c768a500011c9731,2,09009141600,9009,New Haven,CT,1069244,1,7,4,51550.075,3,0.04821169,4,5139,4,0.004806199520408812,4,10.031149056236622,3
5eb81d360943fe74d6aba62b,2,48201555404,48201,Harris,TX,NA,NA,NA,NA,NA,NA,NA,NA,NA,NA,NA,NA,NA,NA
5e10d288a2c6967a2c655aad,2,06067008506,6067,Sacramento,CA,1109757,1,1,2,46607.012,3,0.0419975,4,2827,2,0.0025474045218908284,4,16.486385567739653,3
5ea92954ef7ece00096faf5a,2,17043846004,17043,Du Page,IL,4589104,2,4,4,475526.32,4,0.10362073,4,3756,2,8.184604227753392e-4,2,126.60445154419595,4
5e3d8d90de328d044e7c6ffb,2,48201510902,48201,Harris,TX,NA,NA,NA,NA,NA,NA,NA,NA,NA,NA,NA,NA,NA,NA
5f325ad3c8616a1b5f8c7bd4,2,25023530600,25023,Plymouth,MA,106000000,4,22,4,50882906,4,0.48209121,4,6456,4,6.090566037735849e-5,1,7881.491016109046,4
5f16f559325a640008bb9a07,2,06037192700,6037,Los Angeles,CA,531203.9,1,2,3,8000.4099,2,0.0150609,3,3550,2,0.006682932862503457,4,2.2536365915492955,2
5e3dec90ce522506a9045e17,2,34039038601,34039,Union,NJ,7862938,3,3,3,1073786.5,4,0.13656302,4,8476,4,0.00107796856594825,3,126.68552383199622,4
5e5c9623d3e2d3475fea5cff,2,49035113523,49035,Salt Lake,UT,2638154,2,3,3,172253.67,3,0.06529326,4,6102,4,0.0023129809707848744,4,28.229051130776796,3
5f6f738fef894f0dbf9839f8,2,06037407602,6037,Los Angeles,CA,934621.8,1,0,1,0,1,0,1,3732,2,0.003993059010607285,4,0,1
5aa806e7777df200016088c5,2,36005044400,36005,Bronx,NY,365064.8,1,0,1,0,1,0,1,3984,3,0.01091313103865396,4,0,1
5953d01e4d560700016462da,2,55021970800,55021,Columbia,WI,128000000,4,10,4,307773.19,4,0.00239632,2,5770,4,4.5078125e-5,1,53.34024090121317,4
559fa17cfdf99b69c369d364,2,49035102701,49035,Salt Lake,UT,1400583,1,2,3,27713.737,2,0.01978729,3,4752,3,0.003392872825102118,4,5.8320153619528625,2
5f8abb46e069641705242732,2,36061009700,36061,New York,NY,174764.8,1,2,3,14721.754,2,0.08423751,4,5071,4,0.029016140550042115,4,2.9031264050483143,2
5e815773285d3883ba2fbbcf,2,18057111007,18057,Hamilton,IN,3067579,2,1,2,8223.9189,2,0.00268091,2,4030,3,0.001313739597252426,3,2.040674665012407,2
5fa1981e96f8c52d45a92145,2,34003017400,34003,Bergen,NJ,2462906,2,3,3,338157.29,4,0.13730012,4,5861,4,0.0023797091728226735,4,57.69617642040607,4
5f4af15a0add63150e16e55a,2,25025092101,25025,Suffolk,MA,1356071,1,7,4,44051.182,3,0.03248442,3,6921,4,0.005103715070966048,4,6.364857968501662,2
5f8207a58ff53c30743c130b,2,42071012103,42071,Lancaster,PA,11800000,3,2,3,167804.66,3,0.01423644,3,4121,3,3.492372881355932e-4,2,40.71940305751031,3
5bd9fed6780d50000109c503,2,49005000601,49005,Cache,UT,NA,NA,NA,NA,NA,NA,NA,NA,NA,NA,NA,NA,NA,NA
5fb97228ff45687f38da7813,2,13121008500,13121,Fulton,GA,3793334,2,12,4,400172.39,4,0.10549359,4,2818,2,7.428821190013851e-4,2,142.00581618168914,4
5ba78b71d60daf0001532d5b,2,39035132200,39035,Cuyahoga,OH,3766217,2,2,3,690405.17,4,0.18331529,4,2851,2,7.569930250965358e-4,2,242.16245878639074,4
5ea720a669cae10d910fba3e,2,26125153200,26125,Oakland,MI,841062.7,1,1,2,37891.402,3,0.04505182,4,1952,1,0.002320873342736517,4,19.411578893442623,3
5f4c9e74da9c148b0d42ecbd,2,06037206202,6037,Los Angeles,CA,NA,NA,NA,NA,NA,NA,NA,NA,NA,NA,NA,NA,NA,NA
5d5c25578af5fd0001ef3aee,2,45035010700,45035,Dorchester,SC,7228031,3,2,3,38402.035,3,0.00531293,2,5738,4,7.938538171737226e-4,2,6.692581910073197,2
5aeeb4903c80f200013af2ed,2,24001001401,24001,Allegany,MD,38000000,4,1,2,9339.1514,2,2.4566e-4,2,3890,3,1.0236842105263158e-4,1,2.4008101285347045,2
5f89dc068df5520405822b18,2,51059482201,51059,Fairfax,VA,945874.7,1,1,2,24844.279,2,0.02626593,3,2481,1,0.0026229689831010388,4,10.013816606207174,3
5f3bc0449621ea91bbe1f3a3,2,19163010201,19163,Scott,IA,40200000,4,7,4,191189.12,4,0.00475022,2,6843,4,1.7022388059701493e-4,2,27.939371620634223,3
5c50c73cecd461000198fea1,2,34025810201,34025,Monmouth,NJ,NA,NA,NA,NA,NA,NA,NA,NA,NA,NA,NA,NA,NA,NA
5e71a80784155f0c75a56c70,2,27053021601,27053,Hennepin,MN,4144189,2,9,4,425142.62,4,0.10258765,4,4573,3,0.0011034728387146436,3,92.96799037830746,4
5f1703a31ea06d025b729ad9,2,17031809200,17031,Cook,IL,1193253,1,7,4,133361.2,3,0.11176269,4,4980,3,0.004173465308698155,4,26.77935742971888,3
5f1292bf37bb871f595b147e,2,36081044602,36081,Queens,NY,170367.8,1,0,1,0,1,0,1,5472,4,0.03211874544368126,4,0,1
597fe89a1b41a20001749f57,2,26163530800,26163,Wayne,MI,1167896,1,1,2,20968.094,2,0.01795373,3,1394,1,0.0011935994300862405,3,15.041674318507892,3
5e29d24605043a02e9043472,2,12095015003,12095,Orange,FL,3677231,2,3,3,85699.073,3,0.02330533,3,6748,4,0.0018350764474682171,3,12.699921902786011,3
5f5b0f1be585c32184a4cf35,2,17031804306,17031,Cook,IL,2536181,2,5,4,321674.26,4,0.1268341,4,5626,4,0.0022182959339258515,4,57.176370423035905,4
5f23ff398626c51fdd6c3fb5,2,42043022606,42043,Dauphin,PA,4526587,2,2,3,145853.6,3,0.03222154,3,3498,2,7.727676503290448e-4,2,41.69628359062322,4
5e643c66f6a4fe1d1400be38,2,22103040712,22103,St Tammany,LA,NA,NA,NA,NA,NA,NA,NA,NA,NA,NA,NA,NA,NA,NA
5dfe8e7bdc8535b21b18ea2f,2,17099962700,17099,La Salle,IL,1615972,1,7,4,177661.41,3,0.10994091,4,2169,1,0.0013422262266920466,3,81.90936376210236,4
5e9ce0a46976671ceda6082a,2,13057090910,13057,Cherokee,GA,NA,NA,NA,NA,NA,NA,NA,NA,NA,NA,NA,NA,NA,NA
5e149c03864020aa6e1cf04d,2,12086006402,12086,Miami-Dade,FL,665131.4,1,2,3,1286.7207,2,0.00193454,2,3792,2,0.0057011291302741084,4,0.33932507911392407,2
5eeba89ba5de72356a3c8507,2,13089021211,13089,De Kalb,GA,5032502,2,1,2,45094.484,3,0.00896065,3,4897,3,9.730746257030797e-4,3,9.208593832958954,3
5f658f418c686c1096675a12,2,06037206202,6037,Los Angeles,CA,NA,NA,NA,NA,NA,NA,NA,NA,NA,NA,NA,NA,NA,NA
5e876872ca754f08ceb52e9e,2,27137010200,27137,St Louis,MN,48600000,4,2,3,6750585.4,4,0.13890025,4,1618,1,3.329218106995885e-5,1,4172.178862793573,4
5f98a3925d36fe1bf099417f,2,24033803607,24033,Prince Georges,MD,2743568,2,4,4,192499.55,4,0.07016395,4,3672,2,0.0013384031305220063,3,52.423624727668845,4
5ea90a840928983752c88275,2,48157674100,48157,Fort Bend,TX,4151885,2,4,4,151854.04,3,0.03657473,3,6732,4,0.0016214321928473452,3,22.55704693998812,3
5b2465d4007d870001c7926a,2,53063010701,53063,Spokane,WA,NA,NA,NA,NA,NA,NA,NA,NA,NA,NA,NA,NA,NA,NA
5e975c32ca82b62079dc8f7c,2,08035014504,8035,Douglas,CO,6567430,3,7,4,694012.77,4,0.10567494,4,5656,4,8.612196856304521e-4,2,122.70381364922207,4
5ef1980b60a4447bc1a5408c,2,12009069400,12009,Brevard,FL,54500000,4,1,2,158673.09,3,0.00291184,2,6304,4,1.156697247706422e-4,1,25.17022366751269,3
5e7cb742d29f7530898fb99d,2,34035053103,34035,Somerset,NJ,4046848,2,5,4,234695.12,4,0.05799455,4,4995,3,0.0012342939492661943,3,46.986010010010006,4
5baa535fa3c9170001156197,2,34025801100,34025,Monmouth,NJ,9704750,3,2,3,1713761.2,4,0.17658994,4,4645,3,4.7863159792884926e-4,2,368.9475134553283,4
5f33f5c671dbfc2622aecda4,2,06073008330,6073,San Diego,CA,1533481,1,7,4,273096.43,4,0.17808917,4,5524,4,0.0036022617821805424,4,49.43816618392469,4
5ac1acb0fa3b4e00017347e1,2,27053026708,27053,Hennepin,MN,11900000,3,3,3,197999.09,4,0.01659915,3,5399,4,4.5369747899159663e-4,2,36.6732894980552,3
5ed559e5afbd830e2117ed55,2,17031803008,17031,Cook,IL,2516545,2,0,1,0,1,0,1,4767,3,0.0018942637624203024,3,0,1
55d5e2c9db6a810006fa078b,2,06073020032,6073,San Diego,CA,NA,NA,NA,NA,NA,NA,NA,NA,NA,NA,NA,NA,NA,NA
5e9e19d808b9931ef37373c6,2,48113019600,48113,Dallas,TX,1015407,1,3,3,19801.773,2,0.01950131,3,2369,1,0.002333054627356321,4,8.358705360911777,3
5dcdb60be64aaa07c14065cc,2,51185020700,51185,Tazewell,VA,250000000,4,2,3,43473431,4,0.17361241,4,2994,2,1.1976e-5,1,14520.18403473614,4
5589a860fdf99b11b2d0404d,2,21021930100,21021,Boyle,KY,32100000,3,1,2,137271.5,3,0.00428173,2,6415,4,1.998442367601246e-4,2,21.398519095869055,3
5eb4a91af2291f30f6b73c9c,2,12073002516,12073,Leon,FL,NA,NA,NA,NA,NA,NA,NA,NA,NA,NA,NA,NA,NA,NA
56d1af6521cd29000b973ff2,2,35005001102,35005,Chaves,NM,7830000000,4,1,2,163200000,4,0.02083898,3,3856,2,4.924648786717752e-7,1,42323.65145228216,4
5f021596d7625c0b8e1e2af5,2,13089022010,13089,De Kalb,GA,1264295,1,0,1,0,1,0,1,2485,1,0.001965522287124445,3,0,1
59a1de0cec2f75000124eeaf,2,48439121610,48439,Tarrant,TX,1293859,1,1,2,35024.578,3,0.02706986,3,2533,1,0.0019577094567491513,3,13.827310698776156,3
5de966f5d2601a09dd32169e,2,17161021800,17161,Rock Island,IL,4916102,2,1,2,48105.012,3,0.00978519,3,4837,3,9.83909609686699e-4,3,9.94521645648129,3
5ef6d07be683903cd5ae171d,2,48201552602,48201,Harris,TX,5292934,3,1,2,2.2033381,2,4.163e-7,2,7960,4,0.0015038917923405053,3,2.768012688442211e-4,2
5d278cc85e946f001b305b46,2,48001950700,48001,Anderson,TX,6701884,3,2,3,55221.122,3,0.00823964,3,2564,1,3.825789882367406e-4,2,21.53709906396256,3
5ec446f8ec26b7323a065827,2,13117130509,13117,Forsyth,GA,9816833,3,0,1,0,1,0,1,3807,2,3.878032762704632e-4,2,0,1
5977e3867412f8000194e1fe,2,17031071300,17031,Cook,IL,309581.7,1,1,2,762.28448,2,0.0024623,2,3893,3,0.012575032697346129,4,0.19580901104546622,2
5f575f51650eb61e982df8ef,2,53053060400,53053,Pierce,WA,6514239,3,6,4,163396.72,3,0.02508301,3,4243,3,6.513423901088062e-4,2,38.50971482441668,3
5f8120ed0c4ed61e386b4302,2,24031705400,24031,Montgomery,MD,1988390,2,7,4,29988.144,2,0.01508162,3,2904,2,0.0014604780752266908,3,10.326495867768594,3
5e3581ed0082f15283413024,2,48029191406,48029,Bexar,TX,4726461,2,0,1,0,1,0,1,6328,4,0.0013388452797981408,3,0,1
5e76c87c0fd39b22d52eba04,2,13093970200,13093,Dooly,GA,286000000,4,0,1,0,1,0,1,1369,1,4.786713286713287e-6,1,0,1
5e67b5c4a027430517877069,2,34013009100,34013,Essex,NJ,482654.8,1,1,2,236377.89,4,0.48974523,4,3530,2,0.00731371572395012,4,66.96257507082153,4
5fb93ffbd40ee27661244708,2,39035184104,39035,Cuyahoga,OH,16600000,3,2,3,1215928.1,4,0.07324491,4,1887,1,1.1367469879518072e-4,1,644.3710121886593,4
5c0a696aa4e5fc0001759543,2,34035053103,34035,Somerset,NJ,4046848,2,5,4,234695.12,4,0.05799455,4,4995,3,0.0012342939492661943,3,46.986010010010006,4
5f4efdf2ea8a7815d52206a7,2,18097354900,18097,Marion,IN,1075274,1,0,1,0,1,0,1,2651,1,0.0024654181166846776,4,0,1
59b1986ac05bb50001eb3a5f,2,24033802805,24033,Prince Georges,MD,1941146,2,3,3,180772.67,3,0.09312679,4,5264,4,0.0027118001428022417,4,34.341312689969605,3
5d73b97a40e4bc00019e1db8,2,48439102202,48439,Tarrant,TX,1880270,2,4,4,27459.754,2,0.01460416,3,2812,2,0.0014955298973019831,3,9.76520412517781,3
5a78dbb9ae9a0b0001a97212,2,27145010101,27145,Stearns,MN,27200000,3,14,4,1200855.1,4,0.04411307,4,8086,4,2.972794117647059e-4,2,148.51040069255504,4
5c5dba4ed86a7f000191e5d5,2,06083002006,6083,Santa Barbara,CA,437000000,4,3,3,114835.16,3,2.6255e-4,2,2790,2,6.384439359267735e-6,1,41.159555555555556,4
5f17821d53d8590009cfc951,2,01103005109,1103,Morgan,AL,9144360,3,1,2,1897409.1,4,0.20749502,4,4989,3,5.45582194926709e-4,2,380.31852074564046,4
567dd32b4f0ef30006dbb718,2,37081012621,37081,Guilford,NC,NA,NA,NA,NA,NA,NA,NA,NA,NA,NA,NA,NA,NA,NA
5ea70b0537c5170b90ece8ac,2,49049000103,49049,Utah,UT,4512671,2,3,3,98863.756,3,0.02190804,3,4323,3,9.579692381740216e-4,3,22.869247281980105,3
59d5c894c732930001d88b5e,2,53053072107,53053,Pierce,WA,5046923,2,1,2,1580990.5,4,0.3132583,4,4550,3,9.015394132226705e-4,2,347.47043956043956,4
5d818a4fc7221b001aee787c,2,37119002008,37119,Mecklenburg,NC,NA,NA,NA,NA,NA,NA,NA,NA,NA,NA,NA,NA,NA,NA
583b397f54686200010f1d20,2,37119005834,37119,Mecklenburg,NC,5598257,3,4,4,972699.55,4,0.17375043,4,4260,3,7.609511317540441e-4,2,228.33322769953054,4
5d69ce82b669b400152c8309,2,24043011202,24043,Washington,MD,33300000,3,1,2,31534.174,2,9.4753e-4,2,4658,3,1.3987987987987987e-4,2,6.769895663374839,2
55b424e1fdf99b526efcf8d0,2,40101000700,40101,Muskogee,OK,5381536,3,3,3,81244.687,3,0.01509693,3,4599,3,8.545887270846093e-4,2,17.665728854098717,3
5f5740c8bb4b671aabc948bd,2,20015020902,20015,Butler,KS,15400000,3,4,4,202996.06,4,0.01316689,3,3994,3,2.5935064935064936e-4,2,50.82525287931898,4
5fb69cacddba6408f81a9564,2,34017017900,34017,Hudson,NJ,2849461,2,1,2,15447.411,2,0.00542117,2,5358,4,0.0018803556181326924,3,2.883055431131019,2
5e29ed78eb557a05536b8442,2,51087201602,51087,Henrico,VA,76200000,4,6,4,997259.2,4,0.01309404,3,5565,4,7.303149606299213e-5,1,179.20201257861635,4
5de579912238364fcdf1a97d,2,06037291130,6037,Los Angeles,CA,1291463,1,1,2,42684.363,3,0.03305117,3,3454,2,0.002674486222214651,4,12.357951071221771,3
5f417c68f81466334881ed0c,2,34039039600,34039,Union,NJ,1568422,1,0,1,0,1,0,1,4515,3,0.002878689536362025,4,0,1
5d63867550d0dd0017805976,2,38035011201,38035,Grand Forks,ND,NA,NA,NA,NA,NA,NA,NA,NA,NA,NA,NA,NA,NA,NA
5c756f32c3c75a0001334269,2,55009020505,55009,Brown,WI,NA,NA,NA,NA,NA,NA,NA,NA,NA,NA,NA,NA,NA,NA
5484949efdf99b0379939cc6,2,31109002200,31109,Lancaster,NE,3573151,2,13,4,547695.02,4,0.1532807,4,5550,4,0.0015532508981568368,3,98.6837873873874,4
5e0e31c179f2fa58ed5bc904,2,37063001603,37063,Durham,NC,25900000,3,5,4,1480020,4,0.05715665,4,6846,4,2.643243243243243e-4,2,216.18755477651183,4
5e85efd69c5a6f1ec0d97903,2,17031810100,17031,Cook,IL,723784.4,1,10,4,30502.937,2,0.04214368,4,4480,3,0.006189688531557188,4,6.808691294642857,2
5faef74f65e3370f9cbc7620,2,53033031202,53033,King,WA,67400000,4,7,4,6268251.8,4,0.09297325,4,6718,4,9.967359050445103e-5,1,933.0532598987794,4
5ae59f8cc3c3ab00018f7185,2,12071040123,12071,Lee,FL,43700000,4,14,4,9739014.2,4,0.22283031,4,5310,4,1.2151029748283752e-4,1,1834.0893032015065,4
5fadec41796fc522846012f9,2,42129803502,42129,Westmoreland,PA,5662202,3,2,3,128289.15,3,0.02265711,3,4008,3,7.078518216057992e-4,2,32.008270958083834,3
5f828002935db93a4d29d577,2,28089030203,28089,Madison,MS,10700000,3,1,2,252706.09,4,0.02350938,3,3097,2,2.894392523364486e-4,2,81.59705844365514,4
5dd2c9f2c925a82e5167ef8b,2,12057011413,12057,Hillsborough,FL,4081206,2,1,2,59593.875,3,0.01460203,3,6579,4,0.0016120235048169586,3,9.058196534427724,3
5d012930cfeb82001817c9c9,2,06085509500,6085,Santa Clara,CA,984165.3,1,2,3,15435.288,2,0.01568363,3,5553,4,0.005642344837803162,4,2.7796304700162073,2
5e63e24eaf3bd51660031dbe,2,48309002503,48309,McLennan,TX,8477037,3,3,3,1221490.4,4,0.14409403,4,5587,4,6.590746271368168e-4,2,218.63082155002684,4
59ffb939517dfb00013dadda,2,04013941300,4013,Maricopa,AZ,218000000,4,3,3,594293.66,4,0.00272136,2,6334,4,2.9055045871559632e-5,1,93.82596463530155,4
57d6dd8d6598aa000199188b,2,06085502500,6085,Santa Clara,CA,2496651,2,7,4,90454.74,3,0.03623043,3,6540,4,0.002619509094382835,4,13.831000000000001,3
58f0fca0d40252000192f201,2,36087010902,36087,Rockland,NY,18900000,3,5,4,7420423.2,4,0.39159336,4,4139,3,2.18994708994709e-4,2,1792.8057985020537,4
5f31c7c8152f590f64c8e902,2,34027045704,34027,Morris,NJ,11300000,3,0,1,0,1,0,1,5443,4,4.8168141592920354e-4,2,0,1
5e4b0189cdf5a6011838a6a2,2,45013000700,45013,Beaufort,SC,12500000,3,3,3,53397.387,3,0.00428446,2,6070,4,4.856e-4,2,8.796933607907743,3
5d485db699f83a00012bc391,2,26161402700,26161,Washtenaw,MI,3375656,2,8,4,362124.12,4,0.10727518,4,5396,4,0.0015985041129783367,3,67.10973313565604,4
5dc797a6a4cc4255f8ea588e,2,06067001300,6067,Sacramento,CA,792608.2,1,1,2,10347.621,2,0.01305515,3,3320,2,0.004188702564520529,4,3.1167533132530116,2
5e8aa39f3dabf475987ddaf3,2,49049010132,49049,Utah,UT,NA,NA,NA,NA,NA,NA,NA,NA,NA,NA,NA,NA,NA,NA
5da883c13b410d0017c55b0f,2,41029001402,41029,Jackson,OR,NA,NA,NA,NA,NA,NA,NA,NA,NA,NA,NA,NA,NA,NA
5e92a1a4fc57e20f92eef47f,2,06037194102,6037,Los Angeles,CA,3503521,2,2,3,213987.71,4,0.06107791,4,3462,2,9.881487794707097e-4,3,61.8104303870595,4
5fb995caed317d87520d55a7,2,06073019110,6073,San Diego,CA,NA,NA,NA,NA,NA,NA,NA,NA,NA,NA,NA,NA,NA,NA
5f3898caed1478189b8462a0,2,36093032101,36093,Schenectady,NY,14300000,3,3,3,1042225.4,4,0.07274324,4,6027,4,4.214685314685315e-4,2,172.92606603617057,4
5f4c043843154b0efb8a1a25,2,37063001709,37063,Durham,NC,8283284,3,4,4,205136.72,4,0.02476515,3,8149,4,9.837885553604102e-4,3,25.1732384341637,3
5d1cc8c3baf85a0001fcd973,2,12073000302,12073,Leon,FL,3711823,2,4,4,158506.14,3,0.04270304,4,2401,1,6.468519646545646e-4,2,66.01671803415245,4
5f877b0fdf57661a49364047,2,34035053103,34035,Somerset,NJ,4046848,2,5,4,234695.12,4,0.05799455,4,4995,3,0.0012342939492661943,3,46.986010010010006,4
5c0e8c65a2f251000137e916,2,06037219700,6037,Los Angeles,CA,1092489,1,2,3,120977.3,3,0.1107355,4,4186,3,0.0038316175265837916,4,28.900453893932156,3
5ec76194079cdc1b61767c3b,2,06037115302,6037,Los Angeles,CA,837815.5,1,0,1,0,1,0,1,4044,3,0.004826838367158402,4,0,1
5bebd4111296920001d55c5a,2,39057200600,39057,Greene,OH,4189475,2,6,4,984110.44,4,0.23490069,4,3667,2,8.752886698213977e-4,2,268.36935914916825,4
5d6d54f672f55a00010507d8,2,06059062628,6059,Orange,CA,2460590,2,4,4,1036568.2,4,0.42126824,4,3495,2,0.0014203910444243047,3,296.58603719599427,4
5b6f49b7d60bdd0001ade437,2,36029013201,36029,Erie,NY,24100000,3,4,4,922659.37,4,0.03821726,3,6236,4,2.587551867219917e-4,2,147.95692270686337,4
5f989fa02b5a611b2df1a305,2,11001004801,11001,Washington,DC,317490.2,1,4,4,25499.276,2,0.08031516,4,2820,2,0.00888216392191003,4,9.04229645390071,3
5d76d2f7daf4bf00164d585b,2,12099005938,12099,Palm Beach,FL,3535353,2,0,1,0,1,0,1,4116,3,0.0011642401762992267,3,0,1
55dd3e6450a1f7001090e2e5,2,47157021611,47157,Shelby,TN,5271755,3,3,3,376352.75,4,0.07139042,4,6080,4,0.0011533161157906617,3,61.900123355263155,4
5e5293866f83902a1858dc08,2,17031071300,17031,Cook,IL,309581.7,1,1,2,762.28448,2,0.0024623,2,3893,3,0.012575032697346129,4,0.19580901104546622,2
5e37b3d7abde98738c0f1e7c,2,34027041100,34027,Morris,NJ,2102952,2,3,3,166092.01,3,0.0789804,4,3622,2,0.0017223407857145574,3,45.856435670900055,4
5f2083ac02b8d238f29c9146,2,06067005510,6067,Sacramento,CA,647412.3,1,0,1,0,1,0,1,5238,4,0.008090671122559765,4,0,1
5fa41b6733b31601ac3f79c5,2,25017370202,25017,Middlesex,MA,1070851,1,3,3,100625.83,3,0.09396814,4,4222,3,0.003942658689210731,4,23.833687825675035,3
5cf61f1ec0d98b00196ebc90,2,26017285700,26017,Bay,MI,53400000,4,1,2,80796.773,3,0.00151325,2,3923,3,7.346441947565544e-5,1,20.59565969920979,3
5d474d1fab2d280015bb0110,2,06037481001,6037,Los Angeles,CA,1049642,1,1,2,72011.195,3,0.06860546,4,4271,3,0.004069006385034136,4,16.8604998829314,3
5efb5360f3f69c084c1ca850,2,36081083700,36081,Queens,NY,775667.9,1,1,2,285812.69,4,0.36847299,4,6229,4,0.008030498619318913,4,45.88420131642318,4
5f18ce0eb95e060fcd1c7d37,2,34023000901,34023,Middlesex,NJ,1466034,1,2,3,109006.77,3,0.07435486,4,2380,1,0.0016234275603430753,3,45.80116386554622,4
55abb1a5fdf99b501fab62e3,2,24003702402,24003,Anne Arundel,MD,13400000,3,3,3,1221796.4,4,0.09114874,4,7373,4,5.50223880597015e-4,2,165.71224738912247,4
566a19b57da035000fb39b89,2,42101030800,42101,Philadelphia,PA,795704.1,1,1,2,43622.055,3,0.05482196,4,5138,4,0.006457174218406064,4,8.49008466329311,3
5a2fd74c3eff6600016f21ee,2,34023002402,34023,Middlesex,NJ,2603575,2,0,1,0,1,0,1,1528,1,5.868853403493274e-4,2,0,1
5e373f33a42bce6daa55ea65,2,49035114303,49035,Salt Lake,UT,NA,NA,NA,NA,NA,NA,NA,NA,NA,NA,NA,NA,NA,NA
5ee642c9f5cb343a58b1ef13,2,19049050817,19049,Dallas,IA,NA,NA,NA,NA,NA,NA,NA,NA,NA,NA,NA,NA,NA,NA
5db0a97f127d4000117cdfa0,2,39099812604,39099,Mahoning,OH,NA,NA,NA,NA,NA,NA,NA,NA,NA,NA,NA,NA,NA,NA
5ee68971dde4ef4056079287,2,06061021003,6061,Placer,CA,7620336,3,9,4,536404.85,4,0.07039123,4,6784,4,8.902494588165142e-4,2,79.06911114386791,4
5f2c8224fe28eb1733a4c293,2,06081608002,6081,San Mateo,CA,1153534,1,3,3,39452.709,3,0.0342016,3,3728,2,0.003231807645028235,4,10.582808208154507,3
5f42b557f859ca4b3395dc8b,2,04013116711,4013,Maricopa,AZ,1109766,1,0,1,0,1,0,1,2052,1,0.0018490384459426581,3,0,1
5f36f5c5a9ef8615f1333ab1,2,17031804706,17031,Cook,IL,1685804,1,2,3,51968.18,3,0.03082693,3,2553,1,0.0015144109279607832,3,20.355730513121816,3
5f45dd2eaab81c216427d57c,2,24510230300,24510,Baltimore City,MD,2015904,2,3,3,47131.903,3,0.02338003,3,1617,1,8.021215295966475e-4,2,29.147744588744587,3
5c79bc94d454af00160e2eee,2,08069001004,8069,Larimer,CO,1987883,2,0,1,0,1,0,1,3615,2,0.0018185174882022735,3,0,1
5fb08ec5ddc19949a58f5a4f,2,48049951200,48049,Brown,TX,85000000,4,2,3,334950.41,4,0.00394067,2,4652,3,5.472941176470588e-5,1,72.00137790197763,4
5d20189bb34728001a230962,2,48201553804,48201,Harris,TX,NA,NA,NA,NA,NA,NA,NA,NA,NA,NA,NA,NA,NA,NA
5f848e4bde188f1084c681bb,2,36005024600,36005,Bronx,NY,152435,1,0,1,0,1,0,1,2297,1,0.015068717814150293,4,0,1
5dc32687547c1f24648b7c23,2,47141000301,47141,Putnam,TN,34500000,3,0,1,0,1,0,1,2976,2,8.626086956521739e-5,1,0,1
5f4c86be4598118a06c149da,2,24510230300,24510,Baltimore City,MD,2015904,2,3,3,47131.903,3,0.02338003,3,1617,1,8.021215295966475e-4,2,29.147744588744587,3
5ededa791eabd41875e762e3,2,17031824400,17031,Cook,IL,3129451,2,1,2,62850.195,3,0.02008346,3,2007,1,6.413265457743228e-4,2,31.3154932735426,3
5f710cf8423f15749e53499b,2,06085504414,6085,Santa Clara,CA,1783366,1,3,3,79545.65,3,0.04460423,4,5059,4,0.002836770466634443,4,15.723591618897014,3
5f331fb84158171233e6f0a3,2,06075016700,6075,San Francisco,CA,490692.4,1,3,3,164920.76,3,0.33609804,4,4835,3,0.00985342344817242,4,34.10977456049638,3
55a43cf3fdf99b02ff6cb0b4,2,06073013203,6073,San Diego,CA,1115936,1,1,2,15333.855,2,0.01374081,3,6471,4,0.005798719639835977,4,2.3696267964765876,2
5f420cd40061580008f221a9,2,01051031100,1051,Elmore,AL,10700000,3,0,1,0,1,0,1,4267,3,3.9878504672897195e-4,2,0,1
5a9c44d2f05361000172055b,2,06013366001,6013,Contra Costa,CA,1004345,1,0,1,0,1,0,1,4594,3,0.004574125425028252,4,0,1
5f388b8106b3213b2d460b7c,2,20155001800,20155,Reno,KS,566000000,4,0,1,0,1,0,1,2150,1,3.7985865724381624e-6,1,0,1
567adef5b7d79a0012b26b95,2,06037571900,6037,Los Angeles,CA,1944967,2,2,3,17413.391,2,0.00895305,3,5769,4,0.002966117162913304,4,3.0184418443404404,2
5ca58b943ac2e200116f3524,2,06067007503,6067,Sacramento,CA,1827332,1,2,3,944.44321,2,5.1684e-4,2,5605,4,0.0030673134383899588,4,0.16850012667261374,2
570758d5374137000fbb68cd,2,12099005938,12099,Palm Beach,FL,3535353,2,0,1,0,1,0,1,4116,3,0.0011642401762992267,3,0,1
5f888a84d0200d03067e17ed,2,36061009700,36061,New York,NY,174764.8,1,2,3,14721.754,2,0.08423751,4,5071,4,0.029016140550042115,4,2.9031264050483143,2
5f2a856a87f6262b2f345c92,2,24005492101,24005,Baltimore,MD,1432401,1,0,1,0,1,0,1,3890,3,0.0027157199694778206,4,0,1
5dd9923922749791b319fc19,2,51087201206,51087,Henrico,VA,NA,NA,NA,NA,NA,NA,NA,NA,NA,NA,NA,NA,NA,NA
5e71556788152e079f80b73b,2,06059088402,6059,Orange,CA,1307739,1,1,2,40463.301,3,0.03094141,3,4679,3,0.0035779310703435473,4,8.647852318871553,3
599ec7dc617ca80001fcd124,2,25025040300,25025,Suffolk,MA,280098.3,1,6,4,13519.487,2,0.04826693,4,4525,3,0.016155042711790826,4,2.9877319337016575,2
5ec59870db44d65d215887fb,2,12089050308,12089,Nassau,FL,NA,NA,NA,NA,NA,NA,NA,NA,NA,NA,NA,NA,NA,NA
5d4ac837d2844e0001ecf699,2,06037404302,6037,Los Angeles,CA,615757.4,1,1,2,18980.783,2,0.0308251,3,2388,1,0.00387815071325168,4,7.948401591289782,3
5f961b0cf20c251606aa4388,2,06037553502,6037,Los Angeles,CA,1265570,1,1,2,61553.051,3,0.04863664,4,4147,3,0.003276784373839456,4,14.84279020979021,3
5a693e48c0d8360001082fda,2,51179010404,51179,Stafford,VA,7631877,3,0,1,0,1,0,1,6642,4,8.702970448816196e-4,2,0,1
5fa00df9f09b1d00088801ee,2,42101021700,42101,Philadelphia,PA,1559577,1,1,2,52543.301,3,0.03369075,3,5783,4,0.0037080567358969774,4,9.085820681307279,3
5edc1c94293f3b0d59aef267,2,36061008800,36061,New York,NY,180579,1,4,4,3896.0338,2,0.02157524,3,8852,4,0.04902009646747407,4,0.4401303434252147,2
5de7c6d448241d73d36ceaef,2,26163587000,26163,Wayne,MI,3506603,2,3,3,67750.038,3,0.01932071,3,4008,3,0.001142986531409458,3,16.903702095808384,3
5e172ad9c2642a0345b911b7,2,48289950302,48289,Leon,TX,NA,NA,NA,NA,NA,NA,NA,NA,NA,NA,NA,NA,NA,NA
5f46fd0e30f69f0de0dfa38c,2,24031705702,24031,Montgomery,MD,2593966,2,3,3,314338.04,4,0.1211805,4,4565,3,0.0017598534444938753,3,68.85827820372398,4
5cd8d86210887400182db201,2,47093005908,47093,Knox,TN,21900000,3,2,3,290199.61,4,0.01324443,3,5523,4,2.521917808219178e-4,2,52.54383668296216,4
5cd063ce657e300016f6c95a,2,53063004500,53063,Spokane,WA,2624442,2,2,3,8634.3445,2,0.00328997,2,3785,2,0.0014422113348285083,3,2.2812006605019812,2
5e32cbad3db17e2868d1f41e,2,39049009381,39049,Franklin,OH,3194692,2,2,3,685018.76,4,0.21442404,4,6424,4,0.002010835473341405,3,106.63430261519302,4
5bd4143d669ee1000144ac35,2,04019004413,4019,Pima,AZ,2769010,2,0,1,0,1,0,1,3159,2,0.001140840950375766,3,0,1
5e82058f966ad50402491919,2,51059482201,51059,Fairfax,VA,945874.7,1,1,2,24844.279,2,0.02626593,3,2481,1,0.0026229689831010388,4,10.013816606207174,3
5d924f2a5b219e00183ae94b,2,12095015103,12095,Orange,FL,5699458,3,0,1,0,1,0,1,6546,4,0.0011485302637549045,3,0,1
59d44f0a078dbe00019511a9,2,36061011800,36061,New York,NY,176769,1,1,2,5734.396,2,0.03244006,3,9688,4,0.05480598973801967,4,0.5919071015689512,2
5e30d68e4de4510d34b66da6,2,10003011400,10003,New Castle,DE,3812648,2,0,1,0,1,0,1,3456,2,9.064566149300958e-4,3,0,1
5eaa605c7c3cbc1f14421a94,2,12011010613,12011,Broward,FL,NA,NA,NA,NA,NA,NA,NA,NA,NA,NA,NA,NA,NA,NA
5ee1880a6df8691a7b0c36f0,2,06059032002,6059,Orange,CA,2185118,2,3,3,39787.449,3,0.01820838,3,6071,4,0.002778339659460038,4,6.553689507494647,2
5ed434531abc010dd521f5da,2,21111004500,21111,Jefferson,KY,4518871,2,2,3,2391616.9,4,0.52925097,4,3329,2,7.3668843390307e-4,2,718.4190147191348,4
5ebfa8e876e71738dd5eec17,2,06073008504,6073,San Diego,CA,3017642,2,4,4,703362.97,4,0.23308365,4,6150,4,0.002038015112461982,3,114.36796260162602,4
5e4a1730c94447480594cea4,2,49035112917,49035,Salt Lake,UT,2530917,2,2,3,351699.24,4,0.13896122,4,4168,3,0.0016468339341037261,3,84.38081573896353,4
5e5ab88a43f33029b119a48c,2,24003740900,24003,Anne Arundel,MD,5237098,3,2,3,585151.14,4,0.11173196,4,7748,4,0.0014794452958489606,3,75.52286267423851,4
5c8d1bee1bb19f00019d519e,2,37119001200,37119,Mecklenburg,NC,4202735,2,6,4,179418.53,3,0.0426909,4,5404,4,0.001285829346841997,3,33.20106032568468,3
5d5b0dd7c032a2001ad7cf5d,2,25027736500,25027,Worcester,MA,13500000,3,7,4,746922.63,4,0.055181,4,4614,3,3.4177777777777776e-4,2,161.8818010403121,4
5ca5435273897b0001de44ff,2,06001442301,6001,Alameda,CA,1429042,1,0,1,0,1,0,1,5046,3,0.0035310368764528964,4,0,1
5c720c7278263500015665f9,2,48303010411,48303,Lubbock,TX,NA,NA,NA,NA,NA,NA,NA,NA,NA,NA,NA,NA,NA,NA
5d5b7e9d47c19900019db3c3,2,12011020314,12011,Broward,FL,2594726,2,2,3,230560.25,4,0.08885727,4,5536,4,0.0021335586108128567,4,41.647444002890175,4
5d5c98f6121fc80001960e82,2,26125183200,26125,Oakland,MI,1967674,2,3,3,212824.35,4,0.10816035,4,3364,2,0.0017096327948633767,3,63.265264565992865,4
5e52be2a3771352c9f14de1f,2,06067008506,6067,Sacramento,CA,1109757,1,1,2,46607.012,3,0.0419975,4,2827,2,0.0025474045218908284,4,16.486385567739653,3
5c7c73b6f48c6d0001f6f49c,2,36047089800,36047,Kings,NY,154357.8,1,3,3,34145.406,3,0.22120947,4,2329,1,0.015088320771609858,4,14.660972949763849,3
5e4dd61e228f8723566e06d4,2,17161023200,17161,Rock Island,IL,3216987,2,0,1,0,1,0,1,4931,3,0.0015328007231611442,3,0,1
5c049e9bad9a9700011b877b,2,26139025700,26139,Ottawa,MI,5125183,2,1,2,28854.17,2,0.00562988,2,5971,4,0.0011650315705800164,3,4.832384860157427,2
5f5148f4d786b736ee294a07,2,41051001601,41051,Multnomah,OR,2944583,2,1,2,712540.75,4,0.24198358,4,6234,4,0.0021171079232611204,3,114.29912576195059,4
5edb08d518022777ff0c00ca,2,53033032207,53033,King,WA,5628283,3,2,3,126133.32,3,0.02241062,3,3809,2,6.767605680098176e-4,2,33.11454975059071,3
5f90499feba83f0be5fbc60c,2,36103159203,36103,Suffolk,NY,6895784,3,3,3,339123.81,4,0.04917843,4,5301,4,7.687305750876187e-4,2,63.973554046406335,4
5f6fefff894b925bae01053c,2,37169070503,37169,Stokes,NC,28000000,3,0,1,0,1,0,1,5892,4,2.1042857142857142e-4,2,0,1
5c7e843f9c3fc00016f4e5a1,2,35001980600,35001,Bernalillo,NM,NA,NA,NA,NA,NA,NA,NA,NA,NA,NA,NA,NA,NA,NA
5f1393a3d005e83a02b5f0fa,2,34015502201,34015,Gloucester,NJ,NA,NA,NA,NA,NA,NA,NA,NA,NA,NA,NA,NA,NA,NA
5d93b788fdfe9d001c00c255,2,26161400400,26161,Washtenaw,MI,1025727,1,9,4,66546.595,3,0.0648775,4,3014,2,0.002938403688310827,4,22.079162242866623,3
5e6484158bd03f1f1bdc1821,2,41005022108,41005,Clackamas,OR,7316305,3,3,3,150730.92,3,0.02060205,3,3168,2,4.3300545835636976e-4,2,47.57920454545455,4
5adcefb65f327e0001fb4c05,2,31055007436,31055,Douglas,NE,2258714,2,2,3,206636.46,4,0.09148411,4,4548,3,0.0020135351354797462,3,45.434577836411606,4
5fac81997dc9eb28a3ad0530,2,06065044917,6065,Riverside,CA,9292180,3,1,2,7358.3096,2,7.9188e-4,2,3854,2,4.1475735510935e-4,2,1.9092655941878567,2
5bf6fc936c445d0001aeba98,2,06067008008,6067,Sacramento,CA,3028944,2,1,2,118980.3,3,0.03928112,4,4939,3,0.0016306012920674663,3,24.08995748127151,3
5d10eaf23afd390019075267,2,39061003300,39061,Hamilton,OH,528304.3,1,2,3,12862.726,2,0.02434719,3,2947,2,0.005578224519467284,4,4.36468476416695,2
5b07b71c68eff50001d1c859,2,06061021047,6061,Placer,CA,NA,NA,NA,NA,NA,NA,NA,NA,NA,NA,NA,NA,NA,NA
5f7012d59b7f225dc1ba2090,2,06037405101,6037,Los Angeles,CA,1121229,1,0,1,0,1,0,1,5057,3,0.004510229400060113,4,0,1
5e9b621702bbdc069b2496c4,2,06059032020,6059,Orange,CA,2681892,2,4,4,336309.04,4,0.12539994,4,5540,4,0.0020657058524355195,3,60.70560288808664,4
5f1998331d7b7a000b673e10,2,36047060800,36047,Kings,NY,520216,1,5,4,79640.029,3,0.15309032,4,4015,3,0.007717947929321667,4,19.835623661270237,3
5f420d1c13ccec013f15fd32,2,17043845703,17043,Du Page,IL,2277164,2,4,4,203352.52,4,0.0893008,4,4582,3,0.002012151957434774,3,44.38073330423396,4
5d81746b784c7600198580ee,2,41047002101,41047,Marion,OR,1060926,1,2,3,15982.875,2,0.01506502,3,2455,1,0.0023140162461849365,4,6.510336048879837,2
5e88bbc1cd23220008a323a1,2,18097330212,18097,Marion,IN,NA,NA,NA,NA,NA,NA,NA,NA,NA,NA,NA,NA,NA,NA
5ef7bc9de683904f56114114,2,34003017400,34003,Bergen,NJ,2462906,2,3,3,338157.29,4,0.13730012,4,5861,4,0.0023797091728226735,4,57.69617642040607,4
5e8953f2e770eb5f55dfc4c0,2,48453001605,48453,Travis,TX,1894581,2,4,4,139486.24,3,0.07362381,4,3889,3,0.0020526966120741207,3,35.86686551812805,3
5b6a593840003400017013a0,2,48113019039,48113,Dallas,TX,4513300,2,2,3,65684.17,3,0.01455347,3,6606,4,0.0014636740300888486,3,9.943107780805327,3
5fba825421064da598d29afc,2,27137010400,27137,St Louis,MN,81800000,4,3,3,170806.32,3,0.00208802,2,3501,2,4.279951100244499e-5,1,48.78786632390746,4
5a7dfc2c5292b8000122bd74,2,48085031418,48085,Collin,TX,NA,NA,NA,NA,NA,NA,NA,NA,NA,NA,NA,NA,NA,NA
5f4fd146ee39f70f490889c9,2,29189210805,29189,St Louis,MO,4967082,2,1,2,45068.438,3,0.00907342,3,6080,4,0.0012240587129425285,3,7.412572039473685,2
5ca17355f1e809001169e3c8,2,13117130411,13117,Forsyth,GA,NA,NA,NA,NA,NA,NA,NA,NA,NA,NA,NA,NA,NA,NA
5f136b2be9d1e835fdb8595c,2,12011041900,12011,Broward,FL,1330981,1,6,4,19968.922,2,0.01500316,3,4357,3,0.003273525317040589,4,4.583181546935965,2
5d50567697082b0018f7f481,2,36055014103,36055,Monroe,NY,4313039,2,1,2,46156.938,3,0.01070172,3,4336,3,0.0010053236244791665,3,10.645050276752768,3
5dcee367dfe9da022ea9a4ce,2,25017350500,25017,Middlesex,MA,225394.9,1,3,3,9033.8301,2,0.04008001,4,1743,1,0.007733094227065475,4,5.182920309810671,2
5e2b3b032f20ff188d7223d1,2,17031242100,17031,Cook,IL,327980.3,1,0,1,0,1,0,1,3976,3,0.012122679319459127,4,0,1
5f481f85c6a7d02c489665f2,2,36119013500,36119,Westchester,NY,1664511,1,1,2,76837.563,3,0.04616224,4,4060,3,0.0024391548028219697,4,18.925508128078818,3
5f0763da47bd2b3561e8d085,2,26125150200,26125,Oakland,MI,8364309,3,0,1,0,1,0,1,2821,2,3.372663539809445e-4,2,0,1
5f45b981840d0e1e55ff0337,2,17043842603,17043,Du Page,IL,2772800,2,5,4,506847.61,4,0.18279269,4,4359,3,0.001572057126370456,3,116.27612066987841,4
5fb1f7ff97dc09759ad6e4fe,2,06037534900,6037,Los Angeles,CA,1048163,1,1,2,98502.641,3,0.09397646,4,6241,4,0.005954226584987258,4,15.783150296426856,3
5dc61f40655ad2483fad8d9a,2,42101003800,42101,Philadelphia,PA,1089153,1,4,4,37963.538,3,0.03485604,3,3820,2,0.0035073125630650606,4,9.938098952879582,3
5d824fa9be1eee0016258e42,2,48029171916,48029,Bexar,TX,5563626,3,1,2,151117.75,3,0.02716174,3,10592,4,0.0019037943959568813,3,14.26715917673716,3
5aae902ff34c4300010ebd55,2,36007013303,36007,Broome,NY,21700000,3,1,2,12163.303,2,5.6075e-4,2,2570,1,1.184331797235023e-4,1,4.732802723735409,2
5ef8f930b5a6aa0a346e63d3,2,05119004103,5119,Pulaski,AR,15900000,3,5,4,746268.33,4,0.04691724,4,3832,2,2.410062893081761e-4,2,194.74643267223382,4
5f47fb27144b1c26977010d2,2,36119013500,36119,Westchester,NY,1664511,1,1,2,76837.563,3,0.04616224,4,4060,3,0.0024391548028219697,4,18.925508128078818,3
5f864f232c819c1ad1486d7b,2,48201212300,48201,Harris,TX,3259468,2,7,4,70558.345,3,0.0216472,3,5027,3,0.0015422762242181852,3,14.035875273522976,3
5f524e7407f3574c7f05fa45,2,25017356400,25017,Middlesex,MA,3657206,2,6,4,91032.477,3,0.02489126,3,8136,4,0.0022246490900430546,4,11.188849188790561,3
5ed1cd25eb6dc1122dbd700f,2,13151070216,13151,Henry,GA,NA,NA,NA,NA,NA,NA,NA,NA,NA,NA,NA,NA,NA,NA
5f4b00659e84256d54dc2fa7,2,37025041901,37025,Cabarrus,NC,4043138,2,0,1,0,1,0,1,2076,1,5.134625629894403e-4,2,0,1
5f28cde4320ac7000836bd44,2,17031803008,17031,Cook,IL,2516545,2,0,1,0,1,0,1,4767,3,0.0018942637624203024,3,0,1
5a348ea750833c0001ee9550,2,25023508200,25023,Plymouth,MA,23800000,3,18,4,1893712.1,4,0.07969027,4,6305,4,2.649159663865546e-4,2,300.3508485329104,4
5ef699fc5e0cdf000c6be4e0,2,41051003100,41051,Multnomah,OR,1285026,1,0,1,0,1,0,1,4940,3,0.003844280193552504,4,0,1
5af9ad0233b0ee00011eecb8,2,25013812701,25013,Hampden,MA,1624016,1,0,1,0,1,0,1,3966,3,0.0024420941665599352,4,0,1
5ce3b2031497a8001684691f,2,36061005200,36061,New York,NY,168382.2,1,1,2,26311.309,2,0.15625942,4,3808,2,0.022615217047882732,4,6.909482405462185,2
5f2762fd4875420d9c0c0fa2,2,39035181204,39035,Cuyahoga,OH,2649338,2,4,4,115538.66,3,0.04361038,4,5476,4,0.002066931437211862,3,21.09909788166545,3
5eefffc64a6f612cce2f349d,2,27037061009,27037,Dakota,MN,5679602,3,7,4,303544.1,4,0.05344461,4,7316,4,0.001288118428016611,3,41.490445598687806,4
5f9b5a4e6a200236cbdcb1bb,2,42071011806,42071,Lancaster,PA,NA,NA,NA,NA,NA,NA,NA,NA,NA,NA,NA,NA,NA,NA
5e8a224936bc636c1b0152cc,2,18057110822,18057,Hamilton,IN,NA,NA,NA,NA,NA,NA,NA,NA,NA,NA,NA,NA,NA,NA
5efff21045937e0f18c41b2e,2,18097380800,18097,Marion,IN,3726445,2,0,1,0,1,0,1,2947,2,7.908341596347189e-4,2,0,1
55d35a55da14d7000595331e,2,06019004802,6019,Fresno,CA,1454398,1,1,2,33418.449,3,0.02297751,3,5047,3,0.003470164287904686,4,6.621448187041807,2
5cb80f255a63a200167ead10,2,21067003912,21067,Fayette,KY,4131858,2,2,3,33131.3,3,0.0080185,3,4352,3,0.0010532791785196878,3,7.612890625,3
5ef6bb87b83f3b000a3f04ae,2,55079120203,55079,Milwaukee,WI,3208781,2,1,2,12362.803,2,0.0038528,2,3916,3,0.001220401142988568,3,3.156997701736466,2
5c671f12a26a8500014431e7,2,48113017819,48113,Dallas,TX,NA,NA,NA,NA,NA,NA,NA,NA,NA,NA,NA,NA,NA,NA
5f96366ec0423b19726953f0,2,09009141600,9009,New Haven,CT,1069244,1,7,4,51550.075,3,0.04821169,4,5139,4,0.004806199520408812,4,10.031149056236622,3
5e93f4e38099ec730377b072,2,06085504414,6085,Santa Clara,CA,1783366,1,3,3,79545.65,3,0.04460423,4,5059,4,0.002836770466634443,4,15.723591618897014,3
5fa8dc4314d7987b8c2f3df2,2,06037143802,6037,Los Angeles,CA,NA,NA,NA,NA,NA,NA,NA,NA,NA,NA,NA,NA,NA,NA
5d6b596f76cca6000166d81d,2,06071002013,6071,San Bernardino,CA,2040205,2,1,2,76726.516,3,0.037607260000000003,3,4120,3,0.0020194049127416117,3,18.62294077669903,3
5f7235413bb820142cfc2a85,2,13067030351,13067,Cobb,GA,NA,NA,NA,NA,NA,NA,NA,NA,NA,NA,NA,NA,NA,NA
5f1e9b5ffe1f70029559f24c,2,48423002012,48423,Smith,TX,NA,NA,NA,NA,NA,NA,NA,NA,NA,NA,NA,NA,NA,NA
5f0c88ea711ed50e642bd561,2,21067003404,21067,Fayette,KY,2126956,2,2,3,101694.06,3,0.04781201,4,4676,3,0.002198446982448156,4,21.748088109495296,3
5ef6a216cf5fa438db69c355,2,55117000900,55117,Sheboygan,WI,9024105,3,2,3,45577.439,3,0.00505063,2,5538,4,6.136896678396362e-4,2,8.229945648248465,3
5e75568b2d882b0c53e62547,2,53033032330,53033,King,WA,NA,NA,NA,NA,NA,NA,NA,NA,NA,NA,NA,NA,NA,NA
5f5053004eaeb51d946fe1ff,2,39035185102,39035,Cuyahoga,OH,1034521,1,1,2,18869.551,2,0.01823989,3,2685,1,0.002595404056563376,4,7.02776573556797,2
5f888877136ad50208b48b47,2,06037406702,6037,Los Angeles,CA,2822881,2,3,3,44489.277,3,0.01576024,3,7040,4,0.0024939060484660885,4,6.319499573863637,2
5f71e2ac3a1d4d06e2fcde1d,2,53061052903,53061,Snohomish,WA,3368884,2,5,4,171178.64,3,0.05081167,4,4386,3,0.0013019148180821898,3,39.028417692658465,3
5aabd17644adc700014c8621,2,41051003801,41051,Multnomah,OR,1237419,1,1,2,50184.176,3,0.04055552,4,3355,2,0.002711288577272533,4,14.958025633383011,3
5faedb3d48fe0208b776d252,2,12099005810,12099,Palm Beach,FL,1268616,1,0,1,0,1,0,1,1639,1,0.0012919591113465382,3,0,1
5e533403290e8d000b8a74b8,2,36081098700,36081,Queens,NY,1353301,1,2,3,14347.207,2,0.01060163,3,2543,1,0.0018791089343760184,3,5.64184309870232,2
5f97aa21817782171afa803b,2,36029011600,36029,Erie,NY,2745143,2,1,2,47717.625,3,0.01738256,3,2170,1,7.904870529513399e-4,2,21.989688940092165,3
5e3fa2bd23323f1f0a0b5462,2,54033030300,54033,Harrison,WV,6895959,3,2,3,78325.484,3,0.01135817,3,2035,1,2.951003624006465e-4,2,38.48918132678133,3
5ebf5264a1700d331489cf8b,2,17097865700,17097,Lake,IL,5511302,3,8,4,236100.89,4,0.0428394,4,5985,4,0.0010859502890605522,3,39.44877025898079,3
5f74c5c00683670de2ccefd1,2,34003007002,34003,Bergen,NJ,4635742,2,1,2,478009.53,4,0.10311392,4,4674,3,0.0010082528320169673,3,102.26990372272144,4
5eba357c3d72c116be317542,2,29123960300,29123,Madison,MO,452000000,4,1,2,74524128,4,0.16485203,4,3521,2,7.789823008849557e-6,1,21165.614314115308,4
5f02cea120393a16d40a9594,2,06085508707,6085,Santa Clara,CA,NA,NA,NA,NA,NA,NA,NA,NA,NA,NA,NA,NA,NA,NA
5f557591aa1c4e950ba02f01,2,13121000202,13121,Fulton,GA,NA,NA,NA,NA,NA,NA,NA,NA,NA,NA,NA,NA,NA,NA
5f94879e9cde282c16e61035,2,36061001300,36061,New York,NY,311985.1,1,1,2,4288.7666,2,0.0137467,3,5402,4,0.01731492946297756,4,0.7939219918548686,2
5fa07ebb0caca40c7625b602,2,22089062200,22089,St Charles,LA,14900000,3,1,2,25531.953,2,0.00171729,2,2359,1,1.583221476510067e-4,2,10.823210258584146,3
5f498900c3368e3df50ea6ac,2,26163572100,26163,Wayne,MI,2595781,2,1,2,33570.215,3,0.01293261,3,7106,4,0.002737519074220822,4,4.724207008162116,2
558b7b06fdf99b21155f2c1b,2,06071002609,6071,San Bernardino,CA,NA,NA,NA,NA,NA,NA,NA,NA,NA,NA,NA,NA,NA,NA
5e834547285c16059c92c6e6,2,34035054100,34035,Somerset,NJ,12600000,3,0,1,0,1,0,1,7934,4,6.296825396825397e-4,2,0,1
5f6b438b23368b2429be7e74,2,04013111700,4013,Maricopa,AZ,2603481,2,3,3,49438.385,3,0.01898934,3,5203,4,0.0019984781913138603,3,9.501899865462233,3
5ee6b328e96056095324e6f5,2,17043845703,17043,Du Page,IL,2277164,2,4,4,203352.52,4,0.0893008,4,4582,3,0.002012151957434774,3,44.38073330423396,4
55b1add5fdf99b6731f04c5a,2,25017341500,25017,Middlesex,MA,640332.4,1,1,2,6823.6768,2,0.01065646,3,5353,4,0.00835972067007698,4,1.2747388006725202,2
5f86a1fba0141c1f0fcd9517,2,42133021712,42133,York,PA,65500000,4,1,2,62657.527,3,9.5588e-4,2,6424,4,9.807633587786259e-5,1,9.753662359900375,3
5dc6263fc34fc547cb529cb7,2,36081117500,36081,Queens,NY,561699.6,1,0,1,0,1,0,1,5410,4,0.009631482735611704,4,0,1
5f641cfa0c8b8b19b424aa4d,2,21111011904,21111,Jefferson,KY,2769595,2,1,2,61615.152,3,0.02224699,3,2653,1,9.579017870843933e-4,3,23.224708631737656,3
5f4707864e9da80f60935fab,2,20155001800,20155,Reno,KS,566000000,4,0,1,0,1,0,1,2150,1,3.7985865724381624e-6,1,0,1
53979923fdf99b1ccc3f11f6,2,36081045900,36081,Queens,NY,136886,1,0,1,0,1,0,1,4150,3,0.030317198252560525,4,0,1
5f3b4854ac7ac783ce22070e,2,06083000201,6083,Santa Barbara,CA,NA,NA,NA,NA,NA,NA,NA,NA,NA,NA,NA,NA,NA,NA
558a327cfdf99b2d75651681,2,06013322000,6013,Contra Costa,CA,4395301,2,5,4,261917.39,4,0.05959033,4,6528,4,0.0014852225137709568,3,40.12214920343138,3
5f94e82e9a03a13420dc6950,2,53033006703,53033,King,WA,NA,NA,NA,NA,NA,NA,NA,NA,NA,NA,NA,NA,NA,NA
5f490f05df39043f8ab7ca52,2,34021004403,34021,Mercer,NJ,3218064,2,3,3,41953.014,3,0.01303673,3,5900,4,0.001833400454434716,3,7.110680338983052,2
5f6cd23bb22a000e7e65c2ec,2,34023006608,34023,Middlesex,NJ,2335994,2,0,1,0,1,0,1,3917,3,0.001676802252060579,3,0,1
5f7c9785b5861b0e5f9d663d,2,12103025111,12103,Pinellas,FL,1769971,1,0,1,0,1,0,1,3092,2,0.0017469212772412656,3,0,1
564e93659b124900127eb55b,2,24031701005,24031,Montgomery,MD,1951062,2,10,4,119317.11,3,0.06115497,4,3281,2,0.0016816482510550665,3,36.36608046327339,3
5ef005948c610f5171f1a3aa,2,06037651101,6037,Los Angeles,CA,5576501,3,1,2,23529.195,2,0.00421935,2,5050,3,9.055857786092031e-4,2,4.659246534653465,2
5f958242dda8a03e4699ff62,2,45091061011,45091,York,SC,NA,NA,NA,NA,NA,NA,NA,NA,NA,NA,NA,NA,NA,NA
5f22b877a43a2001e3f92b73,2,12086009503,12086,Miami-Dade,FL,2633059,2,0,1,0,1,0,1,4560,3,0.0017318259864287128,3,0,1
5c6f9778c114eb00018b30b8,2,37183053711,37183,Wake,NC,5407097,3,4,4,273981.49,4,0.05067072,4,5339,4,9.874059962305096e-4,3,51.3170050571268,4
58cbd23d5d42920001414dd8,2,27053001100,27053,Hennepin,MN,647224.6,1,1,2,23105.078,2,0.0356987,3,2219,1,0.0034284852584404242,4,10.412383055430375,3
5d9f8573ce3daf0015e3e400,2,47187051205,47187,Williamson,TN,NA,NA,NA,NA,NA,NA,NA,NA,NA,NA,NA,NA,NA,NA
5e6040ebbccd41000ad90a4e,2,21111011603,21111,Jefferson,KY,35700000,3,3,3,7598513.5,4,0.21308946,4,5257,4,1.472549019607843e-4,2,1445.40869317101,4
5f8811c8230ebd25db3d3c4d,2,36061001300,36061,New York,NY,311985.1,1,1,2,4288.7666,2,0.0137467,3,5402,4,0.01731492946297756,4,0.7939219918548686,2
5f13863cc6197238777ba81e,2,06059042333,6059,Orange,CA,4976413,2,4,4,90698.356,3,0.01822565,3,4970,3,9.987113207846697e-4,3,18.249166197183097,3
5a7b98b0f49c9a0001f33038,2,55117000900,55117,Sheboygan,WI,9024105,3,2,3,45577.439,3,0.00505063,2,5538,4,6.136896678396362e-4,2,8.229945648248465,3
5f32f0bd48d7620b1e76352e,2,13121010106,13121,Fulton,GA,6933497,3,1,2,1459763.3,4,0.21053781,4,4280,3,6.17293120628739e-4,2,341.06619158878505,4
5db9a46ff8e3f9000f88cb85,2,17167003603,17167,Sangamon,IL,82900000,4,2,3,550161.52,4,0.00663893,2,5693,4,6.867310012062727e-5,1,96.63824345687686,4
5dcf1f34da167d0705efa0a7,2,06037207305,6037,Los Angeles,CA,NA,NA,NA,NA,NA,NA,NA,NA,NA,NA,NA,NA,NA,NA
5eef12908b680e19e68b6193,2,31109002702,31109,Lancaster,NE,3559399,2,9,4,349300.23,4,0.09813462,4,5714,4,0.001605327191472493,3,61.13059677983899,4
5fb53173c5fd7c050acc7212,2,36085027301,36085,Richmond,NY,3041913,2,1,2,869857.31,4,0.2859573,4,4811,3,0.0015815705445882246,3,180.80592600291,4
5d11103148ddca000180b737,2,48209010500,48209,Hays,TX,12800000,3,8,4,241162.33,4,0.01887952,3,4343,3,3.39296875e-4,2,55.5289730600967,4
5f0dd2b1550adb080d02763f,2,26125128100,26125,Oakland,MI,6510666,3,1,2,12754.738,2,0.00195905,2,2697,1,4.1424333547443535e-4,2,4.729231738969225,2
5f351d97b701be4697d1db1a,2,24031705000,24031,Montgomery,MD,4582546,2,5,4,191850.15,4,0.04186541,4,5311,4,0.001158962725087757,3,36.12316889474675,3
5f47e116dbc4a2230a521331,2,41039003000,41039,Lane,OR,4440358,2,4,4,89752.033,3,0.02021279,3,4546,3,0.0010237913249337104,3,19.743078090629123,3
5f6bbe87bb41e5122e293fe5,2,37063001810,37063,Durham,NC,NA,NA,NA,NA,NA,NA,NA,NA,NA,NA,NA,NA,NA,NA
5dca0f74a9139571b69ac06f,2,36071010300,36071,Orange,NY,9990950,3,2,3,176770.17,3,0.01769303,3,3554,2,3.5572192834515236e-4,2,49.738370849746765,4
5dd367878b8df136daf9cda2,2,13121008500,13121,Fulton,GA,3793334,2,12,4,400172.39,4,0.10549359,4,2818,2,7.428821190013851e-4,2,142.00581618168914,4
5f7dd6d4ec41ad00091980f1,2,41053005301,41053,Polk,OR,NA,NA,NA,NA,NA,NA,NA,NA,NA,NA,NA,NA,NA,NA
5c54a532e3c69b0001af7b8c,2,41051005800,41051,Multnomah,OR,3800800,2,7,4,740569.92,4,0.1948458,4,5204,4,0.001369185434645338,3,142.30782475019217,4
5de855017d44177cafe19840,2,41003010102,41003,Benton,OR,NA,NA,NA,NA,NA,NA,NA,NA,NA,NA,NA,NA,NA,NA
5eddfaae1540cb0008d0b835,2,25017353101,25017,Middlesex,MA,411673.3,1,3,3,6191.5095,2,0.01503986,3,3641,2,0.008844391900081934,4,1.7004969788519637,2
5f8714af0d05920bd35e5c7d,2,21049020106,21049,Clark,KY,15900000,3,0,1,0,1,0,1,3330,2,2.0943396226415096e-4,2,0,1
5ee256134d95f435aa78964e,2,48491020336,48491,Williamson,TX,NA,NA,NA,NA,NA,NA,NA,NA,NA,NA,NA,NA,NA,NA
5f0ef6c3ed6fb30009b6789a,2,25009211402,25009,Essex,MA,11700000,3,4,4,406378.18,4,0.03480697,3,6442,4,5.505982905982906e-4,2,63.082610990375656,4
5f1a695e1a34ed15f38faa26,2,36021001000,36021,Columbia,NY,124000000,4,0,1,0,1,0,1,6058,4,4.8854838709677416e-5,1,0,1
5eb0deb2bd00da19c156f390,2,06037432300,6037,Los Angeles,CA,1981700,2,1,2,8662.4521,2,0.00437122,2,3873,3,0.0019543826007972953,3,2.2366258972372837,2
5fb542627f0b470586f534e1,2,48085030702,48085,Collin,TX,3342890,2,3,3,11872.006,2,0.00355142,2,4874,3,0.0014580198570697809,3,2.43578292983176,2
5d7fcd916e5c9f0017c9d8be,2,36013030500,36013,Chautauqua,NY,1685912,1,6,4,17732.951,2,0.01051832,3,3284,2,0.0019479071268251249,3,5.3998023751522535,2
5ba3b4b2509a380001bee71d,2,37171930502,37171,Surry,NC,15100000,3,2,3,528848.34,4,0.03513214,3,3516,2,2.328476821192053e-4,2,150.41192832764503,4
5eb585e0c35e4909a7bdf581,2,27007450201,27007,Beltrami,MN,NA,NA,NA,NA,NA,NA,NA,NA,NA,NA,NA,NA,NA,NA
5dd5db1ded7ea4574c7bc996,2,11001002002,11001,Washington,DC,849255.2,1,4,4,10966.174,2,0.0129127,3,4072,3,0.004794789599168778,4,2.6930682711198433,2
5fadd599050603201f41b312,2,39049006710,39049,Franklin,OH,1742366,1,3,3,58575.822,3,0.03361855,3,2894,2,0.0016609598672150398,3,20.24043607463718,3
5fae9fb030984007d6a518e8,2,53033029102,53033,King,WA,2582813,2,5,4,82668.077,3,0.032007,3,4675,3,0.0018100419968460745,3,17.683011122994653,3
5efec7794ff2093d25ffa6d0,2,18097350400,18097,Marion,IN,1381505,1,5,4,76786.822,3,0.05558202,4,2490,1,0.0018023821846464543,3,30.838081124497993,3
5bdcd61518f1b9000173d9d9,2,15003003000,15003,Honolulu,HI,1489706,1,1,2,33984.93,3,0.02281318,3,4305,3,0.002889831953418997,4,7.894292682926829,3
5fbb4ac0c9e8fc88d5d43e62,2,06065031200,6065,Riverside,CA,3864551,2,1,2,15837.432,2,0.00409813,2,7018,4,0.0018159936303078935,3,2.2566873753206043,2
5fb3f68577fb7101d5be0298,2,36047005202,36047,Kings,NY,567555.8,1,1,2,22296.93,2,0.03928588,4,2668,1,0.0047008593692461605,4,8.357170164917541,3
5c8961a1d810a700149dcfda,2,24017850713,24017,Charles,MD,26000000,3,0,1,0,1,0,1,9599,4,3.691923076923077e-4,2,0,1
5fb2ce534c8b22962e34da5d,2,41017002002,41017,Deschutes,OR,NA,NA,NA,NA,NA,NA,NA,NA,NA,NA,NA,NA,NA,NA
5e935ec0ba38620009a3b0d8,2,34017006400,34017,Hudson,NJ,218872.6,1,3,3,10392.391,2,0.04748146,4,3276,2,0.014967611295338018,4,3.172280525030525,2
5ea9b388835c780e5c4569a2,2,08031002704,8031,Denver,CO,NA,NA,NA,NA,NA,NA,NA,NA,NA,NA,NA,NA,NA,NA
5a4444fc56ec1100014a29e1,2,51143011301,51143,Pittsylvania,VA,NA,NA,NA,NA,NA,NA,NA,NA,NA,NA,NA,NA,NA,NA
5be89ff4d153f500019aa86f,2,48303002001,48303,Lubbock,TX,1306574,1,1,2,5978.7188,2,0.00457587,2,2041,1,0.0015621005775409583,3,2.9293085742283194,2
5dd92a634a113a8aece8d4f1,2,51087200413,51087,Henrico,VA,4261643,2,2,3,230427.83,4,0.05407019,4,4864,3,0.0011413438432078895,3,47.37414268092105,4
5aa6e29435237b0001130d68,2,51059452200,51059,Fairfax,VA,2337786,2,2,3,137610.3,3,0.05886352,4,6982,4,0.0029865864540210268,4,19.709295330850757,3
5d7989d048563d00169163f3,2,36047085200,36047,Kings,NY,402007.2,1,0,1,0,1,0,1,32,1,7.960056436800137e-5,1,0,1
5ebea06f9d56a105c10f6315,2,25025092200,25025,Suffolk,MA,581304.4,1,7,4,31657.542,2,0.05445949,4,3602,2,0.00619640931670223,4,8.78887895613548,3
5fb44b63888ecf10b8dee53d,2,46099000406,46099,Minnehaha,SD,1442306,1,0,1,0,1,0,1,3035,2,0.002104269135675786,3,0,1
5fade3aa9b084720c26c7420,2,25025060501,25025,Suffolk,MA,411743.1,1,4,4,47491.724,3,0.11534311,4,4733,3,0.011495031732165033,4,10.034169448552715,3
57abf01ad0ce530001c6d4f3,2,36103146105,36103,Suffolk,NY,2281774,2,3,3,133325.71,3,0.05843072,4,7294,4,0.0031966356001952865,4,18.278819577735124,3
5fb5b26dee3287168331ad69,2,39049006330,39049,Franklin,OH,2998129,2,2,3,238055.02,4,0.07940121,4,4941,3,0.001648027820017084,3,48.179522363893945,4
5f021fbbe0d2de3aa52ec393,2,35047957300,35047,San Miguel,NM,7576830,3,2,3,33913.326,3,0.00447593,2,3098,2,4.088781192134441e-4,2,10.94684506132989,3
55b237e6fdf99b19ea79d2f7,2,48453001307,48453,Travis,TX,1793882,1,2,3,96357.109,3,0.05371429,4,3743,2,0.002086536349659565,3,25.743283195297888,3
5f834d12f458f84b9b0565ae,2,06065031402,6065,Riverside,CA,2252500,2,2,3,23844.504,2,0.0105858,3,6980,4,0.0030987791342952276,4,3.4161180515759315,2
5e9a7f47453cfc000a735466,2,35001000207,35001,Bernalillo,NM,2506541,2,2,3,12841.076,2,0.00512303,2,3212,2,0.0012814472214896944,3,3.9978443337484433,2
5c58dbfcf291fc000107e96e,2,53071920600,53071,Walla Walla,WA,6708305,3,3,3,839106.53,4,0.12508473,4,6639,4,9.89668776240794e-4,3,126.39050007531254,4
5f5a3a04a11c630a2f218679,2,56033000200,56033,Sheridan,WY,3512712,2,0,1,0,1,0,1,3231,2,9.198021357856835e-4,3,0,1
5f8bc33039724030231214bc,2,31153010620,31153,Sarpy,NE,9861118,3,1,2,23734.66,2,0.00240689,2,6314,4,6.40292510443542e-4,2,3.759052898321191,2
5eeab67a196a121dcdea5b66,2,04019004043,4019,Pima,AZ,2584012,2,2,3,216288.57,4,0.08370262,4,3989,3,0.0015437234811603042,3,54.221250940085234,4
5e38f1b8a0743e10f54280de,2,53033005700,53033,King,WA,7403174,3,8,4,2426801,4,0.3278055,4,6586,4,8.896184258265442e-4,2,368.47874278773156,4
5d464588da9cb60015aa454e,2,32003000401,32003,Clark,NV,932983.9,1,0,1,0,1,0,1,2463,1,0.002639916937473412,4,0,1
5deff457bfb50b054f24fe87,2,36085017012,36085,Richmond,NY,1004265,1,3,3,160792.3,3,0.16010943,4,4473,3,0.0044540036743289865,4,35.94730605857366,3
5f07a7464989193e97240278,2,17043844901,17043,Du Page,IL,1368054,1,2,3,56563.602,3,0.04134602,4,3716,2,0.002716267047938166,4,15.22163670613563,3
5f5a3a284775590a35379a38,2,13121003500,13121,Fulton,GA,1380440,1,2,3,18639.584,2,0.01350264,3,4258,3,0.0030845237750282517,4,4.377544387036167,2
5fb988c173c1d28551c2af95,2,06037482401,6037,Los Angeles,CA,839067.6,1,1,2,27377.643,2,0.03262865,3,3535,2,0.0042130097741826765,4,7.744736350777935,3
5f87f84bad48b224622dbb30,2,24003740900,24003,Anne Arundel,MD,5237098,3,2,3,585151.14,4,0.11173196,4,7748,4,0.0014794452958489606,3,75.52286267423851,4
5f47fc7e5fcb5d26ad723d98,2,13121011203,13121,Fulton,GA,NA,NA,NA,NA,NA,NA,NA,NA,NA,NA,NA,NA,NA,NA
5f51327fe0a90c33baec597d,2,51121020802,51121,Montgomery,VA,NA,NA,NA,NA,NA,NA,NA,NA,NA,NA,NA,NA,NA,NA
5de76eb75fb5c86d599eef3c,2,39061005600,39061,Hamilton,OH,2389487,2,5,4,114854.77,3,0.04806672,4,5339,4,0.002234370808462235,4,21.512412436785915,3
5f77bc8b84b0b8349f723494,2,06059087806,6059,Orange,CA,1217800,1,0,1,0,1,0,1,5552,4,0.004559040893414354,4,0,1
5dbf5fe16849043f135aa2c0,2,06081610201,6081,San Mateo,CA,1438012,1,2,3,49541.61,3,0.03445145,3,5501,4,0.00382542009385179,4,9.00592801308853,3
5e820a4e26ed71918013d860,2,26099231400,26099,Macomb,MI,2806275,2,2,3,36992.961,3,0.01318223,3,5895,4,0.0021006494374214927,3,6.27531145038168,2
5a94362e873cda0001dc66c9,2,55079009600,55079,Milwaukee,WI,1029677,1,1,2,520022.03,4,0.50503395,4,2187,1,0.0021239670304377006,3,237.77870598994056,4
5f4d37bde860a49b0b4a67ea,2,42101016002,42101,Philadelphia,PA,NA,NA,NA,NA,NA,NA,NA,NA,NA,NA,NA,NA,NA,NA
5faf939d083ddf092a5d6e23,2,06075032700,6075,San Francisco,CA,844042.1,1,2,3,34498.447,3,0.0408729,4,6472,4,0.0076678639608142776,4,5.330415173053152,2
56272eeeddff3c0011bcdb7e,2,39049007492,39049,Franklin,OH,6382579,3,8,4,774731.49,4,0.1213822,4,6421,4,0.0010060196669716113,3,120.6558931630587,4
5c304ead89f0350001766c7d,2,04013816100,4013,Maricopa,AZ,2860366,2,0,1,0,1,0,1,7437,4,0.00260001692091152,4,0,1
5e36f65c239ceb675bc432de,2,51041100805,51041,Chesterfield,VA,5720063,3,1,2,26387.648,2,0.00461317,2,5369,4,9.38626025622445e-4,3,4.914816166883964,2
5f9bf311b233f40008877de4,2,55031020800,55031,Douglas,WI,24600000,3,5,4,295502.31,4,0.01200289,3,3492,2,1.4195121951219512e-4,2,84.62265463917525,4
5fbb00e909cb10be092e2b04,2,17031221200,17031,Cook,IL,330424.9,1,4,4,41663.735,3,0.1260914,4,2954,2,0.008940004218810386,4,14.104175693974272,3
5f58e8ada1593b09b0183ab9,2,25025092200,25025,Suffolk,MA,581304.4,1,7,4,31657.542,2,0.05445949,4,3602,2,0.00619640931670223,4,8.78887895613548,3
5f053720c017078437e04818,2,48201312800,48201,Harris,TX,934866,1,1,2,1838.9808,2,0.00196711,2,5476,4,0.005857523966001544,4,0.3358255661066472,2
5e8fc3514447f82b9defc6af,2,55133200804,55133,Waukesha,WI,6937645,3,3,3,1082284.4,4,0.15600169,4,4192,3,6.042396230997695e-4,2,258.1785305343511,4
5ced21c87afd86001734a840,2,11001002101,11001,Washington,DC,601123.4,1,6,4,46830.144,3,0.07790438,4,5687,4,0.009460619899341799,4,8.234595393001582,3
55d234565bc5bc0005d90389,2,19153005101,19153,Polk,IA,NA,NA,NA,NA,NA,NA,NA,NA,NA,NA,NA,NA,NA,NA
5de8703bead0f17ea717e155,2,53067011721,53067,Thurston,WA,NA,NA,NA,NA,NA,NA,NA,NA,NA,NA,NA,NA,NA,NA
5f51619bf5bba939ec694c08,2,06037406000,6037,Los Angeles,CA,1908515,2,1,2,25314.307,2,0.01326387,3,5496,4,0.0028797258601582906,4,4.605951055312955,2
5f5501cd09e6d089b4cbc626,2,22071007800,22071,Orleans,LA,315476.8,1,5,4,33273.555,3,0.10547068,4,1113,1,0.0035279931836509058,4,29.895377358490567,3
5ded76922911274376e38065,2,42091208604,42091,Montgomery,PA,12500000,3,0,1,0,1,0,1,6245,4,4.996e-4,2,0,1
5c087cd3598acb0001e2c73c,2,24045010300,24045,Wicomico,MD,34800000,3,1,2,41285.645,3,0.00118469,2,8338,4,2.3959770114942528e-4,2,4.951504557447829,2
5ec2f9d1db50ba13eef4e661,2,44007016700,44007,Providence,RI,903326.5,1,3,3,31947.555,2,0.03536657,3,3420,2,0.0037860064993111573,4,9.341390350877193,3
5d84d74aba692b001d6708b3,2,27053022802,27053,Hennepin,MN,1350539,1,3,3,62005.717,3,0.04591183,4,3703,2,0.0027418682466778077,4,16.744725087766675,3
5fb86787aff3bb1d05281b92,2,36075021503,36075,Oswego,NY,NA,NA,NA,NA,NA,NA,NA,NA,NA,NA,NA,NA,NA,NA
