Start Date,End Date,Response ID,Prolific ID,Location Latitude,Location Longitude,Time ,State,County,Census tract
12/10/20 14:49,12/10/20 15:08,R_1kYUlTs085Vdr90,5c671f12a26a8500014431e7,32.82,-96.63,2,,,
12/10/20 14:50,12/10/20 15:14,R_1GVVCHtIh8xr9D4,5ee1880a6df8691a7b0c36f0,33.55,-117.62,2,,,
12/10/20 14:49,12/10/20 15:18,R_sTe8raBlMR7gcXD,5c2b4b959f18a9000179a141,36.75,-119.71,2,,,
12/10/20 14:52,12/10/20 15:27,R_1r99eIJT4vSTELX,5d818a4fc7221b001aee787c,35.14,-80.77,2,,,
12/10/20 14:55,12/10/20 15:33,R_1llCgnCwWZVjIVe,5f5d699b1b86c05bcf242f45,39.08,-77.17,2,,,
12/12/20 17:49,12/12/20 17:59,R_9G28iooXlGv1Q9b,5fa1981e96f8c52d45a92145,40.93,-74.12,2,,,
12/12/20 17:49,12/12/20 18:03,R_1OOi2kJwSmLeEQK,5eb4a91af2291f30f6b73c9c,30.42,-84.18,2,,,
12/12/20 17:53,12/12/20 18:09,R_3CCMj5BbJe2xeib,5f16f559325a640008bb9a07,34.08,-118.29,2,,,
12/12/20 17:50,12/12/20 18:10,R_TjhnBxzApf9qxnX,5fb97228ff45687f38da7813,33.78,-84.45,2,,,
12/12/20 17:51,12/12/20 18:12,R_OIIKxcjLQyI70rv,5d76d2f7daf4bf00164d585b,26.45,-80.16,2,,,
12/12/20 17:47,12/12/20 18:12,R_3096655GUNl0azn,5f96366ec0423b19726953f0,41.32,-72.93,2,,,
12/12/20 17:49,12/12/20 18:12,R_2cjUgDcTPHMwhT7,5e93f4e38099ec730377b072,37.44,-121.90,2,,,
12/12/20 17:48,12/12/20 18:12,R_31cQiC032tZByZn,5e63e24eaf3bd51660031dbe,31.51,-97.23,2,,,
12/12/20 17:51,12/12/20 18:13,R_2X5xE5q0O8rht3z,5f9b5a4e6a200236cbdcb1bb,40.08,-76.31,2,,,
12/12/20 17:54,12/12/20 18:15,R_3FXuA5z9p8wkPwj,5f136b2be9d1e835fdb8595c,26.12,-80.13,2,,,
12/12/20 17:54,12/12/20 18:15,R_bjaEIhPr7NXzVwl,5f8120ed0c4ed61e386b4302,38.98,-77.08,2,,,
12/12/20 17:53,12/12/20 18:16,R_1C401vl61yzBq9x,5fa8dc4314d7987b8c2f3df2,34.14,-118.37,2,,,
12/12/20 17:56,12/12/20 18:18,R_1Cd8Yx4z84iussK,5ec76194079cdc1b61767c3b,34.23,-118.55,2,,,
12/12/20 18:05,12/12/20 18:18,R_2amExl0rNJ10fzY,5f36f5c5a9ef8615f1333ab1,42.05,-88.11,2,,,
12/12/20 17:54,12/12/20 18:18,R_30wxbbpxJpE2P5p,5dcaf5db575da17c63ebb51b,26.60,-80.13,2,,,
12/12/20 17:58,12/12/20 18:19,R_1F4zFtz19urW4zr,5ef6d07be683903cd5ae171d,29.98,-95.58,2,,,
12/12/20 17:58,12/12/20 18:20,R_1NCdruA6LITnX4K,5f5d967f60d7fa5fdca4cc4f,41.41,-73.59,2,,,
12/12/20 17:49,12/12/20 18:20,R_1q8oEyPPvrFz1mf,5d6b596f76cca6000166d81d,34.14,-117.60,2,,,
12/12/20 17:58,12/12/20 18:20,R_2EGoTZGvOU65ojq,5ef699fc5e0cdf000c6be4e0,45.55,-122.64,2,,,
12/12/20 18:00,12/12/20 18:20,R_1r2KWu6E7ECX0OW,5c50c73cecd461000198fea1,40.28,-74.34,2,,,
12/12/20 17:50,12/12/20 18:21,R_3fpiMd6vtztwOrA,5f4c5105ad5ee685d48bcca2,42.11,-87.94,2,,,
12/12/20 17:52,12/12/20 18:21,R_2aFBzv04seUhEN1,5ca17355f1e809001169e3c8,34.23,-84.16,2,,,
12/12/20 17:49,12/12/20 18:22,R_VWoqwcgmK7X5Lr3,5d6ef023cfe0a400198f911e,41.89,-88.20,2,,,
12/12/20 17:57,12/12/20 18:23,R_3NUHgFOpw8aG4iw,5f7235413bb820142cfc2a85,33.94,-84.46,2,,,
12/12/20 17:57,12/12/20 18:23,R_3hg2w8Z6MOruloj,5f44c445cfb0a801244f652f,42.04,-88.26,2,,,
12/12/20 17:55,12/12/20 18:23,R_cO6vxAfTTk1RFrr,5fadec41796fc522846012f9,40.32,-79.72,2,,,
12/12/20 17:58,12/12/20 18:24,R_27gpvT41cUfbSsE,5d45c2d1da9cb60015aa4312,42.46,-90.68,2,,,
12/12/20 17:53,12/12/20 18:24,R_3dSxiBlmbXu78rd,5d10eaf23afd390019075267,39.13,-84.51,2,,,
12/12/20 17:51,12/12/20 18:25,R_24HSgDURvdgfBYw,5df9846d76f45070feedf075,33.69,-112.00,2,,,
12/12/20 17:51,12/12/20 18:26,R_2aIxH9qyIkFty3b,5f1e9b5ffe1f70029559f24c,32.26,-95.31,2,,,
12/12/20 17:51,12/12/20 18:26,R_zflclwzHC8QhMoF,5f0c88ea711ed50e642bd561,37.98,-84.48,2,,,
12/12/20 18:03,12/12/20 18:27,R_273hwZ8zf3fCxNw,5cfdd7d53ca1bb00011030d4,41.14,-81.34,2,,,
12/12/20 17:58,12/12/20 18:28,R_2E14kBU27U8M5ua,5f2a856a87f6262b2f345c92,39.39,-76.54,2,,,
12/12/20 18:10,12/12/20 18:29,R_2ANIc9KZC6oHBHv,5f3bc0449621ea91bbe1f3a3,41.66,-90.56,2,,,
12/12/20 18:05,12/12/20 18:29,R_1f2xUX6oJzJIRIB,5d5c25578af5fd0001ef3aee,33.03,-80.18,2,,,
12/12/20 18:09,12/12/20 18:30,R_W1HpIBkCs2I7KXD,5a9c44d2f05361000172055b,37.98,-122.34,2,,,
12/12/20 18:15,12/12/20 18:30,R_Av8xcI0suwhGzUl,5e71a80784155f0c75a56c70,45.00,-93.39,2,,,
12/12/20 18:07,12/12/20 18:31,R_2dB06yyq2YEmGSq,5ef6a216cf5fa438db69c355,43.74,-87.73,2,,,
12/12/20 18:02,12/12/20 18:31,R_2co7RzqRVLXhwY2,5d012930cfeb82001817c9c9,37.39,-122.09,2,,,
12/12/20 17:57,12/12/20 18:31,R_2EzS2xfM6KwSMsn,5f0c61f219803a07239a4269,34.06,-118.09,2,,,
12/12/20 18:03,12/12/20 18:31,R_2vY9JwRfll6WJxY,5f524e7407f3574c7f05fa45,42.42,-71.16,2,,,
12/12/20 18:03,12/12/20 18:32,R_2SDDnXaf2FiFQaT,5e975c32ca82b62079dc8f7c,39.37,-104.86,2,,,
12/12/20 17:54,12/12/20 18:32,R_dmtFYwoNhEfofWV,5b2465d4007d870001c7926a,47.73,-117.45,2,,,
12/12/20 18:01,12/12/20 18:32,R_3J9tWSxyQtHoMn4,5e876872ca754f08ceb52e9e,46.76,-92.27,2,,,
12/12/20 17:51,12/12/20 18:33,R_2rjXjPSGBqg3Ozy,583b397f54686200010f1d20,35.17,-80.79,2,,,
12/12/20 18:13,12/12/20 18:34,R_2TKU15HPd6KFMCP,5dc797a6a4cc4255f8ea588e,38.57,-121.47,2,,,
12/12/20 18:13,12/12/20 18:35,R_2topbCSGw2sS2U9,5d50567697082b0018f7f481,43.21,-77.70,2,,,
12/12/20 18:01,12/12/20 18:39,R_2Y2PBiy6mu04O5x,5ed559e5afbd830e2117ed55,42.11,-87.98,2,,,
12/12/20 18:17,12/12/20 18:39,R_1kM25upcIv0CHKo,5d20189bb34728001a230962,30.04,-95.53,2,,,
12/12/20 18:17,12/12/20 18:40,R_3IWo08gnTBfZcaJ,5a348ea750833c0001ee9550,42.06,-70.81,2,,,
12/12/20 18:17,12/12/20 18:40,R_1Kw3Efx1g7fvvzg,5f4b00659e84256d54dc2fa7,35.42,-80.61,2,,,
12/12/20 17:52,12/12/20 18:41,R_2EtbtkjLUAWmI9P,5c756f32c3c75a0001334269,44.55,-88.10,2,,,
12/12/20 18:12,12/12/20 18:41,R_Y5HYaCzw7yYIT73,5e373f33a42bce6daa55ea65,40.60,-112.04,2,,,
12/12/20 18:21,12/12/20 18:42,R_2CP3UQLFaflTOro,5d278cc85e946f001b305b46,31.76,-95.64,2,,,
12/12/20 18:25,12/12/20 18:43,R_3efRPlVwVBULOiB,5ec446f8ec26b7323a065827,34.20,-84.10,2,,,
12/12/20 18:04,12/12/20 18:43,R_2vc9CF5Yr4k7Og9,5bf6fc936c445d0001aeba98,38.66,-121.26,2,,,
12/12/20 18:04,12/12/20 18:44,R_0r0JIw9T1xduj6N,5f17821d53d8590009cfc951,34.55,-87.00,2,,,
12/12/20 18:25,12/12/20 18:46,R_R9VS8YvryrH8dpv,5ef659991d975d12c6e7c555,42.43,-79.33,2,,,
12/12/20 18:30,12/12/20 18:47,R_3D7ndjUHFLRotxM,5e29d24605043a02e9043472,28.58,-81.53,2,,,
12/12/20 17:55,12/12/20 18:47,R_pM2NHw5tTqltn2N,5faef74f65e3370f9cbc7620,47.32,-122.32,2,,,
12/12/20 18:23,12/12/20 18:48,R_2ZHVB1evWgwMkY4,5f33f5c671dbfc2622aecda4,32.95,-117.22,2,,,
12/12/20 18:15,12/12/20 18:48,R_3nSm3uFREJ0qgYp,5f4af15a0add63150e16e55a,42.30,-71.06,2,,,
12/12/20 18:16,12/12/20 18:49,R_3HvKn1gmdEDIgdi,5a2fd74c3eff6600016f21ee,40.59,-74.32,2,,,
12/12/20 18:33,12/12/20 18:50,R_1ePiAGGdRVYnXEw,5e75568b2d882b0c53e62547,47.67,-122.13,2,,,
12/12/20 18:26,12/12/20 18:51,R_pTaC1qdlMgspbAl,55d35a55da14d7000595331e,36.79,-119.82,2,,,
12/12/20 18:21,12/12/20 18:51,R_3spIVauYk2uv0ji,5f5053004eaeb51d946fe1ff,41.53,-81.53,2,,,
12/12/20 18:33,12/12/20 18:53,R_2rUdAYI9Ae9RQHn,5f2762fd4875420d9c0c0fa2,41.47,-81.85,2,,,
12/12/20 18:34,12/12/20 18:53,R_12JY0GhVkjlM0ww,5ca5435273897b0001de44ff,37.53,-121.97,2,,,
12/12/20 18:38,12/12/20 18:54,R_30pjnPloidhBrCd,57d6dd8d6598aa000199188b,37.29,-121.90,2,,,
12/12/20 18:15,12/12/20 18:55,R_2t5r7XhyvD9xyyw,5de966f5d2601a09dd32169e,41.49,-90.50,2,,,
12/12/20 18:41,12/12/20 18:57,R_3O6ydaGmdkPgstA,5ea70b0537c5170b90ece8ac,40.39,-111.85,2,,,
12/12/20 18:03,12/12/20 18:57,R_31NMUPbW04bL2n2,5f5b0f1be585c32184a4cf35,42.02,-88.17,2,,,
12/12/20 18:38,12/12/20 18:58,R_a9SFtMvXxo8b8GZ,5e85efd69c5a6f1ec0d97903,42.03,-87.69,2,,,
12/12/20 18:28,12/12/20 18:58,R_3OpRPzPjGAQFmwL,5e8aa39f3dabf475987ddaf3,40.35,-111.90,2,,,
12/12/20 18:17,12/12/20 19:00,R_R20BF4sjH8YrYT7,5f420cd40061580008f221a9,32.50,-86.36,2,,,
12/12/20 18:44,12/12/20 19:00,R_1Ftu4iDhTbmJKJw,5f4c043843154b0efb8a1a25,36.04,-78.88,2,,,
12/12/20 18:29,12/12/20 19:02,R_DAHyBeHA3LSgySl,5baa535fa3c9170001156197,40.39,-74.12,2,,,
12/12/20 18:35,12/12/20 19:02,R_Rqu49dAxg5rH5Sh,597fe89a1b41a20001749f57,42.37,-83.13,2,,,
12/12/20 18:47,12/12/20 19:02,R_1jg4OgFbzJ7wk0K,5f888877136ad50208b48b47,34.07,-117.94,2,,,
12/12/20 18:46,12/12/20 19:03,R_4Z6yqKY9sB5e0I9,5ba78b71d60daf0001532d5b,41.39,-81.53,2,,,
12/12/20 18:37,12/12/20 19:04,R_CdxAseOkkrEOvi9,5fa00df9f09b1d00088801ee,40.04,-75.22,2,,,
12/12/20 18:47,12/12/20 19:04,R_u7FoxFWvQurfNbb,5c5dba4ed86a7f000191e5d5,34.83,-120.43,2,,,
12/12/20 18:17,12/12/20 19:06,R_1LCmyKgv0tIylpo,5fb69cacddba6408f81a9564,40.77,-74.02,2,,,
12/12/20 18:47,12/12/20 19:07,R_BDmO6eoSoC2vwv7,5fba825421064da598d29afc,46.87,-92.09,2,,,
12/12/20 18:46,12/12/20 19:07,R_1QtSfTYknprph1x,5953d01e4d560700016462da,43.33,-89.56,2,,,
12/12/20 18:35,12/12/20 19:07,R_2TpZgbP5VnvPEHa,5de7c6d448241d73d36ceaef,42.20,-83.49,2,,,
12/12/20 18:52,12/12/20 19:08,R_BG44G6FCYNhBTs5,5fb93ffbd40ee27661244708,41.39,-81.44,2,,,
12/12/20 18:36,12/12/20 19:09,R_3shlaPxTPe0kZRC,5f71e2ac3a1d4d06e2fcde1d,48.06,-122.16,2,,,
12/12/20 18:38,12/12/20 19:09,R_1KeZrNz8XwgYIKs,5e0e31c179f2fa58ed5bc904,36.09,-78.93,2,,,
12/12/20 17:59,12/12/20 19:09,R_YS9JOcw9vfInqeZ,5f828002935db93a4d29d577,32.47,-90.11,2,,,
12/12/20 18:55,12/12/20 19:10,R_1i3Wx0CcKzqMZh2,5aae902ff34c4300010ebd55,42.15,-76.06,2,,,
12/12/20 18:48,12/12/20 19:10,R_1F5O4WlwnQUO0ON,5484949efdf99b0379939cc6,40.79,-96.70,2,,,
12/12/20 18:49,12/12/20 19:10,R_25NQFz6uslFKVuM,5aabd17644adc700014c8621,45.58,-122.68,2,,,
12/12/20 18:27,12/12/20 19:10,R_22LznRhvoAVRsUO,5d4ac837d2844e0001ecf699,34.12,-117.90,2,,,
12/12/20 18:47,12/12/20 19:10,R_BKxUeVCEZfOqAxP,5e815773285d3883ba2fbbcf,39.97,-86.13,2,,,
12/12/20 18:47,12/12/20 19:10,R_3LZ9kEyM1d3Qj01,5faedb3d48fe0208b776d252,26.54,-80.11,2,,,
12/12/20 18:05,12/12/20 19:11,R_xfSIpwGOs0WxwhX,5e5ab88a43f33029b119a48c,39.07,-76.70,2,,,
12/12/20 18:16,12/12/20 19:11,R_1hMdc8yIH54FlNH,5e4a1730c94447480594cea4,40.60,-111.96,2,,,
12/12/20 18:42,12/12/20 19:12,R_2fIfMq4suqlHDmA,5e172ad9c2642a0345b911b7,31.27,-95.92,2,,,
12/12/20 18:36,12/12/20 19:12,R_2Eh6hVrCJKMQlqe,5e7cb742d29f7530898fb99d,40.50,-74.50,2,,,
12/12/20 18:48,12/12/20 19:12,R_2wTs5kxBvcEATws,5ea720a669cae10d910fba3e,42.54,-83.21,2,,,
12/12/20 18:26,12/12/20 19:13,R_3kkex7lipfGrp56,5f710cf8423f15749e53499b,37.44,-121.90,2,,,
12/12/20 18:53,12/12/20 19:14,R_4YGzFae0gO3si4x,5e683c4d6ca0f9000d3f35fe,36.01,-115.20,2,,,
12/12/20 18:55,12/12/20 19:14,R_3Dd1F3mtLLCstBq,5ca58b943ac2e200116f3524,38.66,-121.34,2,,,
12/12/20 18:56,12/12/20 19:15,R_SNUbecRdSO8k8Qp,59b1986ac05bb50001eb3a5f,38.89,-76.89,2,,,
12/12/20 18:51,12/12/20 19:15,R_3Rm5RX1swUXNg2S,5aa806e7777df200016088c5,40.90,-73.84,2,,,
12/12/20 18:55,12/12/20 19:17,R_1k0pZUetZKsOEco,5b6f49b7d60bdd0001ade437,42.74,-78.84,2,,,
12/12/20 18:35,12/12/20 19:19,R_2eOLbxy08mgF9AS,5e533403290e8d000b8a74b8,40.79,-73.81,2,,,
12/12/20 18:55,12/12/20 19:19,R_2Ucv1sJv4EEQlmH,55dd3e6450a1f7001090e2e5,35.06,-89.68,2,,,
12/12/20 18:44,12/12/20 19:19,R_3oyAn7EwRwdzTis,5e9e19d808b9931ef37373c6,33.09,-96.65,2,,,
12/12/20 18:46,12/12/20 19:19,R_3iPxBeDWNQo5GmD,5f97aa21817782171afa803b,42.84,-78.76,2,,,
12/12/20 18:48,12/12/20 19:20,R_2RQvrnVD8CsKPHL,5c663cd56fdc87000162e255,40.27,-80.16,2,,,
12/12/20 18:54,12/12/20 19:20,R_33jxTJX22rEvES8,5e3fa2bd23323f1f0a0b5462,39.29,-80.34,2,,,
12/12/20 19:04,12/12/20 19:21,R_3sh60oTmA0peRN6,5ebf5264a1700d331489cf8b,42.18,-87.81,2,,,
12/12/20 18:55,12/12/20 19:21,R_SBIgSdu1pVKJsJ3,5e92a1a4fc57e20f92eef47f,34.14,-118.39,2,,,
12/12/20 18:59,12/12/20 19:21,R_9mizDbM2DuxMnDj,5ee642c9f5cb343a58b1ef13,41.59,-93.86,2,,,
12/12/20 18:47,12/12/20 19:21,R_1hFqhuxvkD15Vfc,5ef1980b60a4447bc1a5408c,28.28,-80.66,2,,,
12/12/20 18:08,12/12/20 19:23,R_115BsUm5ddxXPry,5f417c68f81466334881ed0c,40.61,-74.42,2,,,
12/12/20 18:10,12/12/20 19:23,R_pu7SEbAJGXqeBBn,5f74c5c00683670de2ccefd1,40.97,-73.96,2,,,
12/12/20 19:02,12/12/20 19:23,R_2e8tgyYcW02VyZK,5f1703a31ea06d025b729ad9,42.05,-87.70,2,,,
12/12/20 18:10,12/12/20 19:23,R_3EAvsbDulSVnwf3,5dc32687547c1f24648b7c23,36.22,-85.54,2,,,
12/12/20 18:48,12/12/20 19:24,R_3rVteUiFm20Rvs0,59a1de0cec2f75000124eeaf,32.78,-97.08,2,,,
12/12/20 18:48,12/12/20 19:24,R_1jfzUBQl7unaLof,5e5c9623d3e2d3475fea5cff,40.65,-111.97,2,,,
12/12/20 18:45,12/12/20 19:25,R_pnsYHIohoeWuV8J,5cf61f1ec0d98b00196ebc90,43.61,-83.95,2,,,
12/12/20 18:50,12/12/20 19:25,R_eIZTHdSd8rs5ZUR,5f848e4bde188f1084c681bb,40.85,-73.86,2,,,
12/12/20 18:56,12/12/20 19:26,R_3EXPTmMYhJzuciO,5f6fefff894b925bae01053c,36.29,-80.36,2,,,
12/12/20 18:48,12/12/20 19:26,R_1Fu0WXRocc4mGOc,5ededa791eabd41875e762e3,41.64,-87.73,2,,,
12/12/20 18:47,12/12/20 19:26,R_3qglQZUUVEcED0x,5eba357c3d72c116be317542,37.49,-90.34,2,,,
12/12/20 19:12,12/12/20 19:26,R_2xFxSEPMqdg01wj,5f02cea120393a16d40a9594,37.38,-122.02,2,,,
12/12/20 19:01,12/12/20 19:26,R_3CW9JPdxECSZxkH,5ea90a840928983752c88275,29.58,-95.61,2,,,
12/12/20 19:00,12/12/20 19:27,R_SZZCHeWpmmg56hz,5dfe8e7bdc8535b21b18ea2f,41.35,-88.84,2,,,
12/12/20 18:48,12/12/20 19:28,R_3L6L1tFQQK3m0cn,5cd8d86210887400182db201,35.99,-84.12,2,,,
12/12/20 19:06,12/12/20 19:29,R_1FrdJRQLgBOCFzs,5d1cc8c3baf85a0001fcd973,30.43,-84.26,2,,,
12/12/20 18:57,12/12/20 19:30,R_3fIENcXn99KouNc,5a8f13595292b80001235e09,36.01,-115.20,2,,,
12/12/20 18:49,12/12/20 19:30,R_PT1hPjU918LkBfH,5f557591aa1c4e950ba02f01,33.79,-84.36,2,,,
12/12/20 18:33,12/12/20 19:31,R_1nMY0vKAbqH9c7m,5f94879e9cde282c16e61035,40.71,-74.01,2,,,
12/12/20 19:08,12/12/20 19:32,R_2Y36DnnyqelUrsX,5bd4143d669ee1000144ac35,32.78,-96.82,2,,,
12/12/20 18:10,12/12/20 19:34,R_OsaMcPB1CwImQ6t,5c79bc94d454af00160e2eee,40.54,-105.05,2,,,
12/12/20 19:05,12/12/20 19:36,R_1159yWYy9QXD0Q0,5fa07ebb0caca40c7625b602,29.96,-90.36,2,,,
12/12/20 19:16,12/12/20 19:36,R_27dK8f4ogHOh8EP,5f877b0fdf57661a49364047,40.50,-74.50,2,,,
12/12/20 18:53,12/12/20 19:40,R_27IuhHTmS57Ginv,5f498900c3368e3df50ea6ac,42.34,-83.29,2,,,
12/12/20 19:18,12/12/20 19:42,R_2xYkdzowo3M9CkV,558b7b06fdf99b21155f2c1b,34.05,-117.47,2,,,
12/12/20 19:19,12/12/20 19:42,R_2VyhxommHL7Ydaa,5e834547285c16059c92c6e6,40.68,-74.56,2,,,
12/12/20 19:19,12/12/20 19:42,R_2XojSNoWBaPxX0D,5df66d09dc8535465a0b0bae,42.42,-83.20,2,,,
12/12/20 19:08,12/12/20 19:42,R_1fknSSFT9VkjsCK,5fb08ec5ddc19949a58f5a4f,31.77,-98.99,2,,,
12/12/20 19:24,12/12/20 19:46,R_3dYbg1SOy2Nnyg1,5f6b438b23368b2429be7e74,33.47,-112.05,2,,,
12/12/20 19:13,12/12/20 19:46,R_2UacT7BDxwt43fd,5a693e48c0d8360001082fda,38.34,-77.44,2,,,
12/12/20 19:16,12/12/20 19:47,R_DV8zAAJ27m88tvX,5ee6b328e96056095324e6f5,41.76,-88.02,2,,,
12/12/20 18:33,12/12/20 19:50,R_3oZ4XnblRNegIF0,55b1add5fdf99b6731f04c5a,42.43,-71.06,2,,,
12/12/20 19:32,12/12/20 19:54,R_332SGZTKtz6ydhA,5f4c9e74da9c148b0d42ecbd,34.05,-118.24,2,,,
12/12/20 19:20,12/12/20 19:57,R_3kNCZgpUHA34K9C,55b424e1fdf99b526efcf8d0,35.74,-95.35,2,,,
12/12/20 19:44,12/12/20 20:03,R_1Lbw5NBO8sIbWx2,599ec7dc617ca80001fcd124,42.38,-71.06,2,,,
12/12/20 19:42,12/12/20 20:03,R_237Cf1lsVSTkgKZ,5eeba89ba5de72356a3c8507,33.94,-84.28,2,,,
12/12/20 19:26,12/12/20 20:04,R_2EzBBpyWvdi96kh,5f90849f0794511514004e6b,35.66,-106.01,2,,,
12/12/20 19:35,12/12/20 20:05,R_1PdGfYmfbnwlDHP,5a7618b18fe2dc0001057243,39.71,-104.97,2,,,
12/12/20 18:38,12/12/20 20:05,R_3lDKRI4WhhFH5rb,5f86a1fba0141c1f0fcd9517,39.85,-76.88,2,,,
12/12/20 19:48,12/12/20 20:05,R_3O61L3qxtDT15cF,5dc6263fc34fc547cb529cb7,40.76,-73.80,2,,,
12/12/20 18:41,12/12/20 20:05,R_xasX9GGcJMQE9gJ,5f641cfa0c8b8b19b424aa4d,38.14,-85.69,2,,,
12/12/20 19:32,12/12/20 20:07,R_1JJSZYkSdAFIEY2,5f4707864e9da80f60935fab,37.75,-97.82,2,,,
12/12/20 19:24,12/12/20 20:07,R_1nZ165B8whDMce0,567dd32b4f0ef30006dbb718,36.03,-79.86,2,,,
12/12/20 19:22,12/12/20 20:09,R_1GQqpDB3V0rXPxf,5e4b0189cdf5a6011838a6a2,32.43,-80.67,2,,,
12/12/20 18:12,12/12/20 20:10,R_2v318e28yqdD7sZ,5ea434a104834a3d5ab8b0b7,27.82,-82.63,2,,,
12/12/20 19:22,12/12/20 20:12,R_8k5dQugT1MgFJSN,59ffb939517dfb00013dadda,33.56,-111.89,2,,,
12/12/20 18:49,12/12/20 20:12,R_pnmHtyuATrKq8g1,5dd9923922749791b319fc19,37.54,-77.34,2,,,
12/12/20 18:58,12/12/20 20:12,R_1gFjPmcI9hdA0Ul,5f6f738fef894f0dbf9839f8,34.03,-117.94,2,,,
12/12/20 19:51,12/12/20 20:15,R_PwF2iU6fXJ9ORFf,5e10d288a2c6967a2c655aad,38.67,-121.15,2,,,
12/12/20 20:00,12/12/20 20:17,R_1CshpcsQWwDBeuF,53979923fdf99b1ccc3f11f6,40.74,-73.87,2,,,
12/12/20 19:54,12/12/20 20:18,R_1ODmkLRiTq5RwQR,5f3b4854ac7ac783ce22070e,34.44,-119.73,2,,,
12/12/20 19:55,12/12/20 20:19,R_1FPyFEa548SJiPW,558a327cfdf99b2d75651681,37.96,-122.08,2,,,
12/12/20 19:07,12/12/20 20:27,R_3CDa4idhDFLbbic,5f575f51650eb61e982df8ef,47.29,-122.50,2,,,
12/12/20 19:56,12/12/20 20:27,R_2tMxwKWacpYMV3q,5f23ff398626c51fdd6c3fb5,40.27,-76.80,2,,,
12/12/20 18:08,12/12/20 20:34,R_Z2mV0EojIKiqmFr,5e37b3d7abde98738c0f1e7c,40.91,-74.41,2,,,
12/12/20 19:53,12/12/20 20:34,R_2RPISt9XKkj7V3c,5bd9fed6780d50000109c503,41.75,-111.83,2,,,
12/12/20 20:19,12/12/20 20:35,R_1INnizNHTWv5Rw0,567adef5b7d79a0012b26b95,33.83,-118.17,2,,,
12/12/20 20:12,12/12/20 20:37,R_z2OGNQd8ALSAOlP,5f325ad3c8616a1b5f8c7bd4,34.98,-80.85,2,,,
12/12/20 20:06,12/12/20 20:47,R_snzm2Z1jpSCO7Dj,5d924f2a5b219e00183ae94b,28.62,-81.43,2,,,
12/12/20 20:15,12/12/20 20:48,R_XtWRCvRzykISX85,5efff21045937e0f18c41b2e,39.68,-86.13,2,,,
12/12/20 20:28,12/12/20 20:49,R_1OiwIGDo6HrGbnu,5f94e82e9a03a13420dc6950,47.63,-122.35,2,,,
12/12/20 20:30,12/12/20 21:03,R_UPEZsTL7iBDYjdf,5dcdb60be64aaa07c14065cc,37.11,-81.51,2,,,
12/12/20 20:26,12/12/20 21:07,R_2AKW6dd10sXUqAa,5ea92954ef7ece00096faf5a,41.79,-88.09,2,,,
12/12/20 20:56,12/12/20 21:25,R_29b73DrAJAbVbEa,5e3dec90ce522506a9045e17,40.64,-74.37,2,,,
12/12/20 21:10,12/12/20 21:25,R_3Jql6iqqkHkIui0,5ea0983e64603e06e32eb1f4,29.42,-98.69,2,,,
12/12/20 21:06,12/12/20 21:28,R_pFr3BgKPDZ3Yc5r,5d29346269a747001acdb205,47.63,-122.30,2,,,
12/12/20 21:02,12/12/20 21:28,R_1Ke6iaFmpcjlgg5,5e82058f966ad50402491919,38.96,-77.34,2,,,
12/12/20 20:59,12/12/20 21:34,R_8rj8aNNicEU8XCh,5de579912238364fcdf1a97d,33.90,-118.29,2,,,
12/12/20 20:47,12/12/20 21:38,R_BKaty6GEUAYuOul,5f420d1c13ccec013f15fd32,41.76,-88.02,2,,,
12/12/20 21:02,12/12/20 21:38,R_2ZDkmvcmcHfJ1uS,5f490f05df39043f8ab7ca52,40.27,-74.52,2,,,
12/12/20 21:30,12/12/20 21:44,R_2YriNs1R86sEGko,5f2c8224fe28eb1733a4c293,37.55,-122.27,2,,,
12/12/20 20:26,12/12/20 21:44,R_yI1QbuZ16aT1K2l,5f6cd23bb22a000e7e65c2ec,40.43,-74.40,2,,,
12/12/20 21:19,12/12/20 21:49,R_2dQRfFecrjndUNK,5f5148f4d786b736ee294a07,45.51,-122.60,2,,,
12/12/20 21:33,12/12/20 21:53,R_1rvUgtSGKpv7Z6m,5fa41b6733b31601ac3f79c5,42.37,-71.18,2,,,
12/12/20 20:58,12/12/20 21:59,R_r1jzjlRNPpGxqud,5f8abb46e069641705242732,40.75,-74.00,2,,,
12/12/20 21:35,12/12/20 22:01,R_22K5z7PU57uGwFf,5f98a3925d36fe1bf099417f,38.97,-76.84,2,,,
12/12/20 21:19,12/12/20 22:03,R_ZxHC94lD89ibf4l,5f888a84d0200d03067e17ed,40.75,-74.00,2,,,
12/12/20 21:35,12/12/20 22:08,R_1Eb35KyXOvRgYkg,5fa3146a9b17545c04ce5b06,32.78,-117.02,2,,,
12/12/20 21:39,12/12/20 22:12,R_1l0ppoNN5nmkcL1,5f7c9785b5861b0e5f9d663d,27.85,-82.79,2,,,
12/12/20 22:02,12/12/20 22:15,R_1r7JzsME0AWnCCw,5e149c03864020aa6e1cf04d,25.76,-80.23,2,,,
12/12/20 21:51,12/12/20 22:20,R_1DqYyHYiF0qwunM,5e52be2a3771352c9f14de1f,38.67,-121.15,2,,,
12/12/20 21:46,12/12/20 22:24,R_2Yog1OhlQZThTMN,5977e3867412f8000194e1fe,41.92,-87.64,2,,,
12/12/20 22:33,12/12/20 22:45,R_s5Ry9kORHi1nOud,5ee68971dde4ef4056079287,38.76,-121.29,2,,,
12/12/20 22:01,12/12/20 23:05,R_3M4hYxZ2TQaR4Wg,5f2087ce96df3538e09a6680,35.21,-81.12,2,,,
12/12/20 22:15,12/12/20 23:07,R_3MJpWmyWBMLLWji,5e3d8d90de328d044e7c6ffb,29.79,-95.42,2,,,
12/12/20 22:59,12/12/20 23:20,R_pniRIrJyml8L1qV,58f0fca0d40252000192f201,41.15,-73.94,2,,,
12/12/20 22:54,12/12/20 23:21,R_1IW5q7AfgEwcyWA,5f658f418c686c1096675a12,34.05,-118.24,2,,,
12/12/20 23:07,12/12/20 23:27,R_2qrAIQWygpQlmAD,5e9b621702bbdc069b2496c4,33.61,-117.64,2,,,
12/12/20 22:41,12/12/20 23:31,R_3I6jRjwM7beyEUK,5f90499feba83f0be5fbc60c,40.76,-72.98,2,,,
12/12/20 23:06,12/12/20 23:37,R_3QQOpRPP1vT0nyW,564e93659b124900127eb55b,39.08,-77.17,2,,,
12/12/20 23:34,12/13/20 0:15,R_3q7lbWsnjKzsqVs,5c28c65636efd800010f30fb,37.25,-121.84,2,,,
12/12/20 23:33,12/13/20 0:17,R_a97KeKlvmEBXQWt,5ef005948c610f5171f1a3aa,33.81,-118.35,2,,,
12/12/20 23:57,12/13/20 0:21,R_wXKA5cKUxbvEK8V,5f331fb84158171233e6f0a3,37.77,-122.44,2,,,
12/13/20 0:09,12/13/20 0:29,R_AKIiHQrJb36ePwl,5b6a593840003400017013a0,32.95,-96.70,2,,,
12/13/20 0:35,12/13/20 0:51,R_1FD3yY4TmMLAAjo,5d5b0dd7c032a2001ad7cf5d,42.20,-71.83,2,,,
12/13/20 0:54,12/13/20 1:19,R_28TmuouFLj4DxFz,5eaa605c7c3cbc1f14421a94,26.30,-80.18,2,,,
12/13/20 1:52,12/13/20 2:07,R_37uUQ2wumNM7357,5f4fd146ee39f70f490889c9,38.79,-90.28,2,,,
12/13/20 2:12,12/13/20 2:32,R_abcTr4JWfq3nitH,5ebfa8e876e71738dd5eec17,32.82,-117.20,2,,,
12/13/20 2:32,12/13/20 2:57,R_x42QTEjaxf4HMCR,5d81746b784c7600198580ee,44.96,-123.08,2,,,
12/13/20 2:54,12/13/20 3:56,R_6ViKPPeupk8uTGp,5f5740c8bb4b671aabc948bd,37.58,-97.12,2,,,
12/13/20 3:41,12/13/20 4:09,R_2qz6bahZuWTzyiC,56d1af6521cd29000b973ff2,33.64,-104.37,2,,,
12/13/20 3:52,12/13/20 4:25,R_R3QTuErpjrJ0Rgd,5f958242dda8a03e4699ff62,35.05,-80.99,2,,,
12/13/20 3:16,12/13/20 4:38,R_2pS8uUT4dEvx8wa,5ed434531abc010dd521f5da,38.16,-85.78,2,,,
12/13/20 5:13,12/13/20 5:37,R_1QsewFSzLgSK5B1,5f989fa02b5a611b2df1a305,38.91,-77.02,2,,,
12/13/20 5:45,12/13/20 6:02,R_2aQVl7Wd8VoRwlP,5f22b877a43a2001e3f92b73,25.94,-80.23,2,,,
12/13/20 6:15,12/13/20 6:42,R_2dgdxcGUjJd0bvh,5dd2c9f2c925a82e5167ef8b,28.07,-82.56,2,,,
12/13/20 6:24,12/13/20 6:43,R_vpqbqxflK8BVjzz,5c6f9778c114eb00018b30b8,35.90,-78.71,2,,,
12/13/20 6:06,12/13/20 6:48,R_3ptZ7YvKq9STlxY,5589a860fdf99b11b2d0404d,37.65,-84.77,2,,,
12/13/20 6:21,12/13/20 6:55,R_3QYN6adhcTab1Hv,5f89dc068df5520405822b18,38.96,-77.34,2,,,
12/13/20 6:44,12/13/20 7:04,R_1DqmB3F60eEy10I,5e5293866f83902a1858dc08,41.92,-87.64,2,,,
12/13/20 6:30,12/13/20 7:12,R_12tmGApBLRcvc7z,5e76c87c0fd39b22d52eba04,32.19,-83.93,2,,,
12/13/20 7:15,12/13/20 7:35,R_O39oyA4vhkRdRa9,59417543c768a500011c9731,41.32,-72.93,2,,,
12/13/20 7:15,12/13/20 7:47,R_1eXiyPojYWBtsE8,5f3898caed1478189b8462a0,42.81,-73.86,2,,,
12/13/20 7:40,12/13/20 7:58,R_1eVOvQHV7rpk0pY,5c049e9bad9a9700011b877b,42.77,-86.12,2,,,
12/13/20 7:47,12/13/20 8:01,R_1o1QvBxcGX4EX2u,58cbd23d5d42920001414dd8,45.02,-93.24,2,,,
12/13/20 7:39,12/13/20 8:05,R_2dWnAWHXoI9A4QQ,5bebd4111296920001d55c5a,39.76,-84.06,2,,,
12/13/20 7:15,12/13/20 8:10,R_3nAB8F8zsAkr2vo,5f18ce0eb95e060fcd1c7d37,27.06,-82.35,2,,,
12/13/20 8:01,12/13/20 8:20,R_3e99CtRhiMDg1JD,5d9f8573ce3daf0015e3e400,35.81,-86.89,2,,,
12/13/20 7:46,12/13/20 8:24,R_urL0dOX1tOHlU4h,5e6040ebbccd41000ad90a4e,38.13,-85.57,2,,,
12/13/20 8:05,12/13/20 8:29,R_1FKBaRuo6qMUsqN,5ea77b0161f86b151f475c8f,33.93,-83.35,2,,,
12/13/20 8:08,12/13/20 8:36,R_2xzrA6GJhD8HuoB,5ec59870db44d65d215887fb,30.67,-81.47,2,,,
12/13/20 8:05,12/13/20 8:39,R_33CN9iH8tbw6JdJ,5f8811c8230ebd25db3d3c4d,40.71,-74.01,2,,,
12/13/20 8:20,12/13/20 8:43,R_PAvp2Vl33jstBtv,5e4dd61e228f8723566e06d4,41.49,-90.57,2,,,
12/13/20 8:29,12/13/20 8:45,R_1rdbb6oHnMPKzFb,5ae7f99bd5ec5e000175f097,37.74,-121.44,2,,,
12/13/20 8:20,12/13/20 8:46,R_1puQLaLnTL7EojJ,55d5e2c9db6a810006fa078b,33.09,-117.26,2,,,
12/13/20 8:40,12/13/20 9:03,R_3NX5Kfzqg0PwjCf,5f961b0cf20c251606aa4388,33.90,-118.16,2,,,
12/13/20 9:10,12/13/20 9:27,R_VU5TOqalM2KExW1,5f4efdf2ea8a7815d52206a7,39.78,-86.11,2,,,
12/13/20 9:10,12/13/20 9:40,R_2SDcL7aGEXIe9Zv,5f13863cc6197238777ba81e,33.57,-117.70,2,,,
12/13/20 9:25,12/13/20 9:44,R_1LRKZxEiTgWyugf,5ac1acb0fa3b4e00017347e1,45.13,-93.46,2,,,
12/13/20 9:22,12/13/20 9:45,R_3knTxCAoXfh5vri,5dd42e7f35cf744223c60d1b,38.32,-81.53,2,,,
12/13/20 9:58,12/13/20 10:20,R_1eKIrOoKGG8FYNu,5d73b97a40e4bc00019e1db8,32.74,-97.38,2,,,
12/13/20 10:00,12/13/20 10:25,R_1i3bMYMIqiaMoTx,5e2b3b032f20ff188d7223d1,41.90,-87.67,2,,,
12/13/20 9:51,12/13/20 10:31,R_QigWKyBYX5zw00x,5a7b98b0f49c9a0001f33038,43.74,-87.73,2,,,
12/13/20 10:21,12/13/20 10:36,R_1EgR9lkYbOg5TUR,5c3a865019ceb400010c914a,42.38,-71.10,2,,,
12/13/20 9:58,12/13/20 10:37,R_2ruZ7U0azf6a35q,5f1292bf37bb871f595b147e,40.71,-73.80,2,,,
12/13/20 10:13,12/13/20 10:39,R_3DkmkwE6N1EIzoI,5f28cde4320ac7000836bd44,42.11,-87.98,2,,,
12/13/20 10:36,12/13/20 10:54,R_1kIyOGcQHEBVuyL,5f42b557f859ca4b3395dc8b,33.33,-111.99,2,,,
12/13/20 10:23,12/13/20 11:01,R_2Sp1H5AT3GUWCyq,5f32f0bd48d7620b1e76352e,33.97,-84.32,2,,,
12/13/20 10:37,12/13/20 11:03,R_2ci8INw8ReRA9tf,5eb81d360943fe74d6aba62b,30.07,-95.62,2,,,
12/13/20 10:12,12/13/20 11:11,R_117qXxoqah3zhZk,5fb995caed317d87520d55a7,33.25,-117.01,2,,,
12/13/20 10:38,12/13/20 11:20,R_1hyCCSop7qHlbpH,5db9a46ff8e3f9000f88cb85,39.76,-89.74,2,,,
12/13/20 10:30,12/13/20 11:24,R_2pJNjL7mkoPjt2L,5f021596d7625c0b8e1e2af5,33.81,-84.23,2,,,
12/13/20 10:45,12/13/20 11:33,R_1IzJAGxID1SC4DY,5dcf1f34da167d0705efa0a7,34.05,-118.25,2,,,
12/13/20 11:30,12/13/20 11:53,R_VUqPgwbCFrmooaB,5eef12908b680e19e68b6193,40.76,-96.65,2,,,
12/13/20 11:39,12/13/20 12:02,R_1mmgMVrCaeRfOCY,5fb53173c5fd7c050acc7212,40.60,-74.15,2,,,
12/13/20 11:54,12/13/20 12:16,R_6QBz8wpHIXeyMjD,5d11103148ddca000180b737,29.87,-97.94,2,,,
12/13/20 11:51,12/13/20 12:18,R_9EquLUS6YaOI3Zv,5a78dbb9ae9a0b0001a97212,45.64,-94.22,2,,,
12/13/20 12:00,12/13/20 12:29,R_3n7UHCe5j3WY5Cy,55abb1a5fdf99b501fab62e3,38.99,-76.55,2,,,
12/13/20 11:53,12/13/20 12:30,R_AnTlGDdtr928xkl,5f1393a3d005e83a02b5f0fa,39.75,-75.33,2,,,
12/13/20 12:24,12/13/20 12:55,R_1HcbVydDX1ZTcS1,5f4c86be4598118a06c149da,39.26,-76.62,2,,,
12/13/20 13:25,12/13/20 13:51,R_pbJxYRmNrXZDpzr,5e83a70264ef720de1e5e694,39.80,-75.00,2,,,
12/13/20 13:30,12/13/20 13:52,R_1i9ZHwuYPA5kBS6,5f0dd2b1550adb080d02763f,42.78,-83.27,2,,,
12/13/20 13:22,12/13/20 14:01,R_3MQjHXOxaC2CHtf,5f351d97b701be4697d1db1a,39.00,-77.10,2,,,
12/13/20 13:55,12/13/20 14:21,R_1JXVsJ9lm5vcdn1,5e29ed78eb557a05536b8442,37.46,-77.40,2,,,
12/13/20 13:52,12/13/20 14:27,R_1intkvKozkBGwvy,5f47e116dbc4a2230a521331,44.07,-123.08,2,,,
12/13/20 13:44,12/13/20 14:50,R_3lDZeBIfxwrdFiH,5ef7bc9de683904f56114114,40.93,-74.12,2,,,
12/13/20 14:31,12/13/20 14:52,R_3e2mjnyaTS5BmYq,5d93b788fdfe9d001c00c255,42.27,-83.73,2,,,
12/13/20 14:28,12/13/20 14:53,R_1jTj3A30I8LdTAD,5f6bbe87bb41e5122e293fe5,35.98,-78.84,2,,,
12/13/20 15:41,12/13/20 16:11,R_2zI5nK0vmAJxWNk,5f31c7c8152f590f64c8e902,40.92,-74.55,2,,,
12/13/20 16:10,12/13/20 16:37,R_1JJzpIghhBwVboN,5e6484158bd03f1f1bdc1821,45.41,-122.52,2,,,
12/13/20 18:06,12/13/20 18:51,R_2S1CGWA875ZUBYV,5dca0f74a9139571b69ac06f,41.53,-74.05,2,,,
12/13/20 18:45,12/13/20 19:03,R_qUE4u2Skk8hCYeZ,5f45b981840d0e1e55ff0337,41.87,-88.12,2,,,
12/13/20 18:48,12/13/20 19:17,R_3is6AE5HyFltcHv,5ed1cd25eb6dc1122dbd700f,33.48,-84.06,2,,,
12/13/20 19:02,12/13/20 19:28,R_1dd9oY1EMcgzuJ2,5dd367878b8df136daf9cda2,33.78,-84.45,2,,,
12/13/20 18:57,12/13/20 19:38,R_3p5bz98M4ZRff4W,5f388b8106b3213b2d460b7c,37.75,-97.82,2,,,
12/13/20 19:18,12/13/20 19:38,R_1FndaXfkuNLRVrt,5c57631a47a04100010da795,44.98,-93.22,2,,,
12/13/20 19:49,12/13/20 19:50,R_1gHmuf5Z8tf3p92,,33.88,-117.89,2,,,
12/13/20 19:47,12/13/20 20:05,R_pRa18HTTxnjOPO9,5f46fd0e30f69f0de0dfa38c,38.96,-77.12,2,,,
12/13/20 19:47,12/13/20 20:23,R_1GJk3XxXgEK3icd,5e9ce0a46976671ceda6082a,34.11,-84.50,2,,,
12/13/20 19:54,12/13/20 20:28,R_11cqv1YMOEeMJAo,5f7dd6d4ec41ad00091980f1,44.96,-123.08,2,,,
12/13/20 20:16,12/13/20 20:51,R_3dWUiZPbLharLfe,5c54a532e3c69b0001af7b8c,45.50,-122.69,2,,,
12/13/20 20:15,12/13/20 21:02,R_Q6YhSx0fTXQOgnf,5de855017d44177cafe19840,44.66,-123.13,2,,,
12/13/20 20:40,12/13/20 21:04,R_3pmuwjvws4Hfpdy,5e32cbad3db17e2868d1f41e,39.96,-82.81,2,,,
12/13/20 21:09,12/13/20 21:24,R_3EiCXryxJG9hjl7,5d474d1fab2d280015bb0110,34.09,-118.13,2,,,
12/13/20 21:02,12/13/20 21:30,R_2Cw9cDNDhr0Hcvu,5ed2958cf3d85d0880db5011,32.80,-117.24,2,,,
12/13/20 20:54,12/13/20 21:42,R_33f3nOJnbkr8Ftf,559fa17cfdf99b69c369d364,40.75,-111.92,2,,,
12/13/20 21:09,12/13/20 22:51,R_10uCGGsF7xyiq6P,59d5c894c732930001d88b5e,47.16,-122.55,2,,,
12/13/20 23:00,12/13/20 23:27,R_QgO7z7i65J0IP5L,5edb08d518022777ff0c00ca,47.59,-122.04,2,,,
12/13/20 23:21,12/13/20 23:52,R_vGoyzMuE9lCORG1,5d5c98f6121fc80001960e82,42.52,-83.16,2,,,
12/13/20 22:42,12/14/20 0:00,R_3PovGDD7WA65lsc,5c0e8c65a2f251000137e916,34.03,-118.35,2,,,
12/14/20 0:02,12/14/20 0:29,R_UtkGuEKPfrI7AD7,5da883c13b410d0017c55b0f,42.50,-122.81,2,,,
12/14/20 0:20,12/14/20 0:42,R_2ahIqegs0hWIph4,5eddfaae1540cb0008d0b835,42.36,-71.10,2,,,
12/14/20 4:59,12/14/20 5:40,R_3IRJki8QNzVDgSz,5eefffc64a6f612cce2f349d,44.74,-93.12,2,,,
12/14/20 5:12,12/14/20 5:45,R_AntS8Hf1kgiv7jj,5d69ce82b669b400152c8309,39.66,-77.69,2,,,
12/14/20 6:07,12/14/20 6:21,R_3JJjwweisr655OH,5b112baa9663ee000145eed2,42.04,-91.60,2,,,
12/14/20 6:17,12/14/20 6:41,R_3et6lgBh1kGCHvQ,5f8714af0d05920bd35e5c7d,37.99,-84.17,2,,,
12/14/20 6:23,12/14/20 6:46,R_PHfTAiJQLjnnNPX,5ee256134d95f435aa78964e,30.50,-97.82,2,,,
12/14/20 6:34,12/14/20 7:16,R_12R7oY9V20ISm6t,5c720c7278263500015665f9,33.51,-101.93,2,,,
12/14/20 6:57,12/14/20 7:45,R_3nHL5ai5U8zHZZg,5f0ef6c3ed6fb30009b6789a,42.56,-70.95,2,,,
12/14/20 6:53,12/14/20 7:58,R_2P6vntaC9BynlV1,5f1a695e1a34ed15f38faa26,42.25,-73.75,2,,,
12/14/20 8:00,12/14/20 8:21,R_Z4TpDMzeFhSP129,5eb0deb2bd00da19c156f390,34.08,-118.04,2,,,
12/14/20 8:46,12/14/20 9:17,R_2reW0FVoZTDppJv,5fb542627f0b470586f534e1,33.20,-96.62,2,,,
12/14/20 8:20,12/14/20 9:21,R_2tffT6PCE49ENw8,5d7fcd916e5c9f0017c9d8be,42.09,-79.24,2,,,
12/14/20 9:25,12/14/20 9:46,R_3HGFPpuUY8DOxWu,59d44f0a078dbe00019511a9,40.77,-73.96,2,,,
12/14/20 8:59,12/14/20 10:12,R_1IWOHwgKCEou7mL,5ae59f8cc3c3ab00018f7185,26.67,-81.76,2,,,
12/14/20 9:21,12/14/20 10:26,R_BXt5kuyHN229tM5,5cd063ce657e300016f6c95a,47.63,-117.40,2,,,
12/14/20 8:58,12/14/20 10:34,R_3J27ZGYbhvNHGuP,5ba3b4b2509a380001bee71d,36.50,-80.62,2,,,
12/14/20 11:28,12/14/20 11:45,R_2fuP3JALXagN5FZ,5eb585e0c35e4909a7bdf581,47.57,-94.79,2,,,
12/14/20 12:29,12/14/20 12:54,R_2OPdKNF9bUsfMz6,5d63867550d0dd0017805976,47.90,-97.04,2,,,
12/14/20 13:55,12/14/20 14:33,R_TtR8fIwvxCkFFfP,5dd5db1ded7ea4574c7bc996,38.95,-77.03,2,,,
12/14/20 14:32,12/14/20 14:46,R_27C0pk8V0TAwp4g,5fadd599050603201f41b312,40.09,-83.01,2,,,
12/14/20 14:25,12/14/20 14:55,R_3PiVkgPKNVz07uE,5c0a696aa4e5fc0001759543,40.50,-74.50,2,,,
12/14/20 14:54,12/14/20 15:14,R_242T9sHSDpMC1wM,5f0763da47bd2b3561e8d085,42.59,-83.29,2,,,
12/14/20 15:08,12/14/20 15:27,R_1EZ0uxxsXLTttqY,5f6d434b44cd121bbb5179dc,21.33,-158.02,2,,,
12/14/20 16:12,12/14/20 16:39,R_2uX3jmb5p9KTeAV,5fae9fb030984007d6a518e8,47.38,-122.29,2,,,
12/14/20 16:40,12/14/20 16:58,R_23WTTUVwt5s1FwZ,5e643c66f6a4fe1d1400be38,30.42,-90.05,2,,,
12/14/20 16:46,12/14/20 17:03,R_2zpR0eFYhucV57e,5e67b5c4a027430517877069,40.76,-74.18,2,,,
12/14/20 16:47,12/14/20 17:14,R_yZR3sg0NJlHtLwd,5efec7794ff2093d25ffa6d0,39.82,-86.14,2,,,
12/14/20 16:49,12/14/20 17:18,R_2yjdBNz6bPkG2Hu,5fac81997dc9eb28a3ad0530,33.76,-116.42,2,,,
12/14/20 18:12,12/14/20 18:33,R_31SNLl8BvKmlD1x,5d5b7e9d47c19900019db3c3,26.27,-80.26,2,,,
12/14/20 18:21,12/14/20 18:43,R_egqwXYYgDclqHFn,5bdcd61518f1b9000173d9d9,21.31,-157.82,2,,,
12/14/20 19:06,12/14/20 19:37,R_eaDWRo7IbuzDk0F,5c7e843f9c3fc00016f4e5a1,35.14,-106.71,2,,,
12/14/20 20:00,12/14/20 20:21,R_28AjcgDQxBA5b9N,5e3a179221d603235d3f85e3,35.15,-90.18,2,,,
12/15/20 4:37,12/15/20 4:55,R_6mRxDl2nzm6xb1L,5fbb4ac0c9e8fc88d5d43e62,33.94,-117.38,2,,,
12/15/20 6:08,12/15/20 6:31,R_1FxGqYUuUO1Szrd,5edc1c94293f3b0d59aef267,40.75,-73.97,2,,,
12/15/20 8:42,12/15/20 9:13,R_su6GXBlFUH92eYh,5aeeb4903c80f200013af2ed,39.60,-78.85,2,,,
12/15/20 8:53,12/15/20 9:20,R_3oNFLbjmu8LfNaA,5fb3f68577fb7101d5be0298,40.62,-74.04,2,,,
12/10/20 13:03,12/10/20 13:03,R_2pVUdYYHBArhIx4,5fb86787aff3bb1d05281b92,,,2,,,
12/17/20 18:10,12/17/20 18:37,R_PTclVx6cJYEFC7L,5c8961a1d810a700149dcfda,38.62730408,-76.98590088,2,,,
12/17/20 18:19,12/17/20 18:38,R_1eLDzDhNosH8CqF,5efb5360f3f69c084c1ca850,40.751297,-73.82440186,2,,,
12/17/20 18:18,12/17/20 18:40,R_25u2hk9v5WW6gwh,5fb2ce534c8b22962e34da5d,44.01849365,-121.2984009,2,,,
12/17/20 19:35,12/17/20 19:59,R_12nj40auHkrbw1U,5f481f85c6a7d02c489665f2,41.168396,-73.84980011,2,,,
12/17/20 20:19,12/17/20 20:34,R_0kTBlc9vhRYJB9T,5d6d54f672f55a00010507d8,33.65640259,-117.824501,2,,,
12/17/20 20:18,12/17/20 20:43,R_3I0pDSs31b9fAg9,5e935ec0ba38620009a3b0d8,40.71820068,-74.04759979,2,,,
12/17/20 22:55,12/17/20 23:22,R_1jPSV3ySu5EOHFA,5ea9b388835c780e5c4569a2,39.73880005,-104.9868011,2,,,
12/18/20 0:03,12/18/20 0:32,R_1Qu4F8dZ52Dsvq8,5a4444fc56ec1100014a29e1,36.62489319,-79.41069794,2,,,
12/18/20 1:04,12/18/20 1:30,R_1rD4WLpFbZGmf2J,5f2083ac02b8d238f29c9146,38.58790588,-121.405304,2,,,
12/18/20 0:27,12/18/20 1:31,R_3QRYl6jvxn0StuO,570758d5374137000fbb68cd,26.45249939,-80.15619659,2,,,
12/18/20 6:01,12/18/20 6:46,R_12o4xofXXlzvkTb,5d485db699f83a00012bc391,42.30679321,-83.7059021,2,,,
12/18/20 7:44,12/18/20 8:02,R_3lANIpOopOuZr48,5f8207a58ff53c30743c130b,40.18460083,-76.30149841,2,,,
12/18/20 10:21,12/18/20 10:38,R_1pnzIxTzJ5hJLLA,5be89ff4d153f500019aa86f,33.55039978,-101.8871002,2,,,
12/18/20 17:18,12/18/20 17:48,R_3KoW3WY3Xrq9dDj,5dd92a634a113a8aece8d4f1,37.66529846,-77.53639984,2,,,
12/19/20 6:51,12/19/20 7:12,R_31ZbV1yCSzLgEoi,5e88bbc1cd23220008a323a1,39.86849976,-85.96900177,2,,,
12/19/20 7:20,12/19/20 7:40,R_3lr9YMz50RfMLoB,5aa6e29435237b0001130d68,38.82629395,-77.21109772,2,,,
12/19/20 7:41,12/19/20 8:07,R_1ruz06drYNyp3AP,5c8d1bee1bb19f00019d519e,35.22270203,-80.79380035,2,,,
12/19/20 9:18,12/19/20 9:48,R_r1PxZj0NzLU5SRb,5f864f232c819c1ad1486d7b,29.77200317,-95.36440277,2,,,
12/19/20 12:13,12/19/20 12:36,R_2uCmdiiiFigCTFS,5dc61f40655ad2483fad8d9a,39.92059326,-75.18260193,2,,,
12/19/20 14:22,12/19/20 14:40,R_3JwnJch8HQ68G69,5d7989d048563d00169163f3,40.64689636,-73.93440247,2,,,
12/19/20 14:16,12/19/20 15:23,R_1PbzJTgWlMDWNkX,5cb80f255a63a200167ead10,38.00520325,-84.42299652,2,,,
12/19/20 17:00,12/19/20 17:42,R_OBi2l3gdLO6LNnP,5f47fb27144b1c26977010d2,41.168396,-73.84980011,2,,,
12/12/20 17:55,12/12/20 17:56,R_3IWsFZqV8jBFjyf,5d8d70caf7f134001bb1d65f,,,2,,,
12/12/20 18:14,12/12/20 18:21,R_3IT4rBOFTvwMu3g,5ec2142f6e98202af3300059,,,2,,,
12/12/20 18:50,12/12/20 18:53,R_1JXSfIPlZx9HLtB,5f123d2f9926a1193a114e68,,,2,,,
12/19/20 18:59,12/19/20 19:20,R_28CIj4QKjXPwPGT,5ebea06f9d56a105c10f6315,42.29040527,-71.07119751,2,,,
12/12/20 19:24,12/12/20 19:25,R_2SAhTTuP7H7UANJ,5ec5a705a9b68d5f1f482ce5,,,2,,,
12/12/20 20:23,12/12/20 20:37,R_8B9p6mAhWFxuCMV,5e7d031be805560ae6b93dba,,,2,,,
12/12/20 19:05,12/12/20 20:47,R_82DILSIl9CYFw65,5ea4410d59f5e925a28bfe8c,,,2,,,
12/19/20 20:18,12/19/20 20:54,R_29ofYytTVVqWWhM,5ef8f930b5a6aa0a346e63d3,34.67399597,-92.35700226,2,,,
12/12/20 17:58,12/12/20 21:13,R_cBUTc5Gl6tGecrD,5d3356323e1190001909339b,,,2,,,
12/12/20 21:15,12/12/20 21:16,R_2xxUuAhs6U8aw0b,5f3ea63c5f3b5d0fa584ee6d,,,2,,,
12/12/20 23:33,12/12/20 23:35,R_2CHy6BgXDs8uovG,5c7a4ca80b94ca00164122a1,,,2,,,
12/13/20 5:40,12/13/20 5:41,R_yW5iL2bzNhGrL9v,5deaac8dff7f711d9032fa94,,,2,,,
12/13/20 7:10,12/13/20 7:11,R_3sv08Zx0RTNkUna,5f3898caed1478189b8462a0,,,2,,,
12/20/20 9:45,12/20/20 10:16,R_1odwYJ2xETtAYte,5c7c73b6f48c6d0001f6f49c,40.64619446,-73.9559021,2,,,
12/20/20 9:28,12/20/20 10:25,R_3F2QiJxSNoKSXzY,5fb44b63888ecf10b8dee53d,43.53759766,-96.68180084,2,,,
12/20/20 14:06,12/20/20 14:31,R_3qJcZkAaAcjsxk7,5fade3aa9b084720c26c7420,42.33639526,-71.0326004,2,,,
12/20/20 15:36,12/20/20 16:07,R_2VCo1kXCOUAacE4,57abf01ad0ce530001c6d4f3,40.78010559,-73.2457962,2,,,
12/13/20 18:03,12/13/20 18:12,R_RqSJm1xWyL9iW3L,5d4cdc63ec9aa0000112ae43,,,2,,,
12/20/20 20:23,12/20/20 20:54,R_1lnwOm1HgCoIVuz,5ea894742b0def30e41aa60d,33.62620544,-112.0074005,2,,,
12/20/20 23:17,12/20/20 23:36,R_3Gk8EEzQjCieY26,5b07b71c68eff50001d1c859,38.76800537,-121.3348999,2,,,
12/14/20 3:59,12/14/20 5:00,R_3MiE4NNf7T6bXR1,5c6d590ca190e0000103ec5f,,,2,,,
12/14/20 16:34,12/14/20 16:35,R_3iPtEIH4jcZQUlU,5e0840192b12bd16b02895cd,,,2,,,
12/21/20 18:55,12/21/20 19:21,R_2zp4MapLKmPPy58,5fb5b26dee3287168331ad69,40.02330017,-83.08589935,2,,,
12/22/20 11:32,12/22/20 11:59,R_3hu0M2ALJBED169,5f021fbbe0d2de3aa52ec393,35.59489441,-105.2272034,2,,,
12/22/20 13:09,12/22/20 13:49,R_1HiMjPgNnh5LBoh,55b237e6fdf99b19ea79d2f7,30.24229431,-97.76719666,2,,,
12/22/20 22:01,12/22/20 22:21,R_1LUtiY14koZn8gH,5f834d12f458f84b9b0565ae,33.938797,-117.4160004,2,,,
12/23/20 6:46,12/23/20 7:07,R_3G0O2EWRWIx8lwx,5e9a7f47453cfc000a735466,35.11309814,-106.5781021,2,,,
12/23/20 9:48,12/23/20 10:28,R_22zXkINpfL97E98,5e3581ed0082f15283413024,29.5881958,-98.51830292,2,,,
12/23/20 13:49,12/23/20 15:10,R_3NKagoyc3vpc1Qs,5c58dbfcf291fc000107e96e,46.05940247,-118.3361053,2,,,
12/24/20 5:11,12/24/20 5:37,R_USGv4aBLoL44xSp,5f5a3a04a11c630a2f218679,44.78619385,-106.9608002,2,,,
12/24/20 10:29,12/24/20 11:23,R_d6Vix7C5HlwIfJf,5a7dfc2c5292b8000122bd74,33.1177063,-96.67910004,2,,,
12/25/20 5:48,12/25/20 6:05,R_30osFKg3Cm5Uph2,5e8953f2e770eb5f55dfc4c0,30.2881012,-97.76399994,2,,,
12/25/20 9:19,12/25/20 9:43,R_10Dl7FblcVSEgtP,5f8bc33039724030231214bc,41.14289856,-96.01779938,2,,,
12/25/20 12:31,12/25/20 12:55,R_337OfWF72NzgSVm,5eeab67a196a121dcdea5b66,32.21510315,-110.7781982,2,,,
12/25/20 12:56,12/25/20 13:11,R_1diA91vbjF7QEYa,5e38f1b8a0743e10f54280de,47.64590454,-122.3995056,2,,,
12/26/20 5:20,12/26/20 5:45,R_Re0itTmazLu67fz,5e8a224936bc636c1b0152cc,39.95640564,-85.96510315,2,,,
12/19/20 9:41,12/19/20 9:53,R_1OqsfocXJHU5Y7H,5f4df2b4bdb2449bd751ce51,,,2,,,
12/26/20 9:44,12/26/20 10:01,R_TwqQ3g9LChfGG5j,5d464588da9cb60015aa454e,36.17500305,-115.1371994,2,,,
12/26/20 9:49,12/26/20 10:09,R_32XeZdsXAUQVEnp,5deff457bfb50b054f24fe87,40.54679871,-74.18039703,2,,,
12/26/20 11:49,12/26/20 12:17,R_20UvitpfCWPAX9M,5f07a7464989193e97240278,41.79960632,-88.00659943,2,,,
12/19/20 16:58,12/19/20 18:31,R_2rBJEsvAzxqmSwb,57fbe878035f6e0001d71a8c,,,2,,,
12/26/20 20:17,12/26/20 20:48,R_2WvakVGtmK4qmDR,5f5a3a284775590a35379a38,33.74850464,-84.38710022,2,,,
12/27/20 12:52,12/27/20 13:11,R_3knZcw5oc6lkxsg,5d824fa9be1eee0016258e42,29.41870117,-98.6882019,2,,,
12/27/20 15:03,12/27/20 15:21,R_40fmbojHdwPtS6t,5fb988c173c1d28551c2af95,34.06480408,-118.0859985,2,,,
12/27/20 17:50,12/27/20 18:38,R_vofprWcPeaJ4krD,5f87f84bad48b224622dbb30,39.07150269,-76.69629669,2,,,
12/28/20 8:35,12/28/20 8:55,R_1hGOBnhEkr8yvYU,5f47fc7e5fcb5d26ad723d98,33.69340515,-84.44799805,2,,,
12/28/20 11:00,12/28/20 11:27,R_3P6IBf1ptxJ0Ce1,5f51327fe0a90c33baec597d,37.13619995,-80.41249847,2,,,
12/28/20 14:15,12/28/20 14:44,R_3IQeOCkWHofjRIr,5de76eb75fb5c86d599eef3c,39.15260315,-84.38690186,2,,,
12/28/20 14:58,12/28/20 15:21,R_3RefKKyjuUddmEK,5f77bc8b84b0b8349f723494,33.81599426,-117.9692001,2,,,
12/28/20 16:34,12/28/20 16:55,R_1FeKDCHl5NehWw6,5dbf5fe16849043f135aa2c0,37.48280334,-122.2144012,2,,,
12/28/20 20:44,12/28/20 21:03,R_2xWOT7q4ucLdAmG,5dcee367dfe9da022ea9a4ce,42.39959717,-71.12460327,2,,,
12/28/20 20:28,12/28/20 21:05,R_yyTJToHw279jQVX,5e77116039c4412820356b26,37.26019287,-121.7709045,2,,,
12/29/20 10:37,12/29/20 11:35,R_54oE9bylYOYbKBr,5e820a4e26ed71918013d860,42.56860352,-83.06680298,2,,,
12/29/20 12:30,12/29/20 12:59,R_Wl0xZLJhB6vOPu1,566a19b57da035000fb39b89,40.05580139,-75.07730103,2,,,
12/29/20 15:57,12/29/20 16:17,R_27fMhxd3CHJTLOm,5af9ad0233b0ee00011eecb8,42.12930298,-72.75219727,2,,,
12/29/20 16:23,12/29/20 16:47,R_2c2vQ5q1bf9h0ro,5a94362e873cda0001dc66c9,43.0500946,-87.96479797,2,,,
12/30/20 4:49,12/30/20 5:13,R_23duYvigfcEp3J7,5db0a97f127d4000117cdfa0,41.09959412,-80.75229645,2,,,
12/30/20 10:22,12/30/20 11:01,R_9H876AwrJNiP9cZ,5f4d37bde860a49b0b4a67ea,39.97920227,-75.12789917,2,,,
12/23/20 19:21,12/23/20 19:25,R_3J8KrSx3GH1g6lU,5d1fee93a3262d0019af14d2,,,2,,,
12/30/20 21:04,12/30/20 21:29,R_12D2D2qqfvlTOTk,5faf939d083ddf092a5d6e23,37.75619507,-122.4866028,2,,,
12/31/20 20:50,12/31/20 21:28,R_3kvagos5vc0YytE,56272eeeddff3c0011bcdb7e,40.03259277,-82.87989807,2,,,
1/1/21 10:43,1/1/21 11:09,R_33jrSUrVJs8X4xR,55a43cf3fdf99b02ff6cb0b4,32.60650635,-117.0579987,2,,,
1/1/21 14:40,1/1/21 15:04,R_z0F0t74GWJGxaEx,5e71556788152e079f80b73b,33.78729248,-117.9230957,2,,,
1/2/21 2:21,1/2/21 2:40,R_1lfzK4yfYTTA90D,5c304ead89f0350001766c7d,33.27520752,-111.7081985,2,,,
1/2/21 15:19,1/2/21 15:46,R_3s7xn9nvDAg8xt0,5e36f65c239ceb675bc432de,37.43649292,-77.48069763,2,,,
12/26/20 15:37,12/26/20 16:22,R_3peWM1n7zmAuTNk,5ebc64ae949ba00a377a10a9,,,2,,,
1/2/21 19:59,1/2/21 20:21,R_yZIn2NC6muGUIWl,5f9bf311b233f40008877de4,46.70449829,-92.09500122,2,,,
1/3/21 12:10,1/3/21 12:34,R_3NLlSztpRizHW1g,5fbb00e909cb10be092e2b04,41.92089844,-87.70429993,2,,,
1/3/21 21:13,1/3/21 21:27,R_b8SFBGSZ4P7dIQ1,5ce3b2031497a8001684691f,40.73590088,-73.99040222,2,,,
1/4/21 5:02,1/4/21 5:47,R_5usF5mRUNrys1hL,5e30d68e4de4510d34b66da6,39.79789734,-75.53170013,2,,,
1/4/21 15:01,1/4/21 15:36,R_01e8fc9KCCFMo9j,5adcefb65f327e0001fb4c05,41.29400635,-96.05410004,2,,,
1/4/21 17:11,1/4/21 17:34,R_3k0NeCnkhkMU2Ye,5f58e8ada1593b09b0183ab9,42.29040527,-71.07119751,2,,,
1/5/21 11:09,1/5/21 11:30,R_x3dlEbkzrqJVe0N,5f053720c017078437e04818,29.72120667,-95.36260223,2,,,
1/5/21 13:36,1/5/21 13:52,R_2AWsgsHnWYsED16,5e8fc3514447f82b9defc6af,43.06559753,-88.14499664,2,,,
1/6/21 22:56,1/6/21 23:32,R_DP3de7s4bKjvcNH,5fb1f7ff97dc09759ad6e4fe,33.97200012,-118.2420044,2,,,
1/9/21 8:18,1/9/21 8:49,R_3QKYvLHFmQNcSCR,5f2f2e3a6417b3315942e42b,7.125396729,-73.11979675,2,,,
1/11/21 5:34,1/11/21 5:54,R_1in5FUM2II2PQRX,5ced21c87afd86001734a840,38.95219421,-77.02529907,2,,,
1/11/21 8:49,1/11/21 9:11,R_2ANfs6RhwsoFs6M,55d234565bc5bc0005d90389,41.58760071,-93.61940002,2,,,
1/4/21 11:50,1/4/21 11:52,R_2zXSoIBg8R6An85,5f51135fd3e0342eda5f66c5,,,2,,,
1/11/21 11:36,1/11/21 12:06,R_1GQ6Js5luoYcaY2,5de8703bead0f17ea717e155,47.01109314,-122.875,2,,,
1/12/21 22:02,1/12/21 22:26,R_VPy1ChuC6yvbYzL,5f51619bf5bba939ec694c08,34.0973053,-117.9069977,2,,,
1/13/21 5:54,1/13/21 6:26,R_2cdyHa3MOY2w793,5f5501cd09e6d089b4cbc626,29.93530273,-90.0739975,2,,,
1/14/21 13:32,1/14/21 13:32,R_1dBrvd8St9Nv2TF,,40.74240112,-74.03250122,2,,,
1/14/21 15:30,1/14/21 15:50,R_2Qgu5XIbpDYEjYI,5ded76922911274376e38065,40.20620728,-75.52999878,2,,,
1/14/21 22:00,1/14/21 22:33,R_1rk28itadX7qoEH,5c087cd3598acb0001e2c73c,38.38020325,-75.63469696,2,,,
1/14/21 23:30,1/15/21 0:03,R_3mfs4eZkFn9pEKW,5f7012d59b7f225dc1ba2090,34.09640503,-117.9682007,2,,,
1/15/21 7:59,1/15/21 8:21,R_3FXWFGZuTePmW3K,5f1998331d7b7a000b673e10,40.58279419,-73.95320129,2,,,
1/15/21 15:12,1/15/21 15:32,R_cRWZl5bxEuzxJQZ,5f45dd2eaab81c216427d57c,39.26449585,-76.62239838,2,,,
1/16/21 5:22,1/16/21 5:48,R_29vxCryNQJvinSj,5ef6bb87b83f3b000a3f04ae,42.95700073,-87.9897995,2,,,
1/16/21 9:14,1/16/21 9:46,R_2z7t6yfwg9NbBWw,5ec2f9d1db50ba13eef4e661,41.87399292,-71.38439941,2,,,
1/16/21 15:54,1/16/21 16:49,R_1JD4B3CR3pZTBN1,5d84d74aba692b001d6708b3,44.95089722,-93.33660126,2,,,
1/12/21 17:42,1/12/21 19:19,R_TnCXGyR17jX7Kut,5e3db1b6ddbf6c020e6aed9f,,,2,,,
1/22/21 10:16,1/22/21 12:26,R_3n27PguKgLDhoAn,5fb86787aff3bb1d05281b92,43.43940735,-76.46130371,2,,,
1/16/21 8:48,1/16/21 8:49,R_tLFFAvBp8Sr4nbr,5750a40d6c3d370007d1a373,,,2,,,
1/18/21 19:59,1/19/21 0:10,R_2uwGYpwkLMwSieg,5c7a4ca80b94ca00164122a1,,,2,,,
3/7/21 19:16,3/7/21 19:41,R_xyZx8r2dKkYOxGh,5e77116039c4412820356b26,37.26019287,-121.7709045,3,,,
3/7/21 19:31,3/7/21 19:44,R_2BeQOZAdCnlg3dW,5c3a865019ceb400010c914a,42.29040527,-71.07119751,3,,,
3/7/21 19:18,3/7/21 19:46,R_3ixSDXf9uxjWbe0,5ea894742b0def30e41aa60d,33.5921936,-112.0028992,3,,,
3/7/21 19:27,3/7/21 19:47,R_21mLhLoMkdxNIHw,5d6ef023cfe0a400198f911e,41.88789368,-88.19950104,3,,,
3/7/21 19:35,3/7/21 20:08,R_Zn8YWzxTrmLgJs5,5d29346269a747001acdb205,47.5460968,-122.3722992,3,,,
3/7/21 19:53,3/7/21 20:15,R_3rYwoXb81OrmFuy,5dcaf5db575da17c63ebb51b,26.59910583,-80.12840271,3,,,
3/7/21 19:59,3/7/21 20:16,R_ebQzLTsMlFjoT05,5ae7f99bd5ec5e000175f097,37.73530579,-121.4403,3,,,
3/7/21 20:08,3/7/21 20:22,R_1n6EPwyXLnLeV0J,5ea0983e64603e06e32eb1f4,29.41870117,-98.6882019,3,,,
3/7/21 20:08,3/7/21 20:28,R_3rTf04WbakBfZTG,5a8f13595292b80001235e09,36.01130676,-115.2037964,3,,,
3/7/21 20:13,3/7/21 20:29,R_OfdDyNEYfI5Kx7r,5f6d434b44cd121bbb5179dc,21.33279419,-158.0180969,3,,,
3/7/21 20:11,3/7/21 20:30,R_3dGRdHm289FXNe8,5df66d09dc8535465a0b0bae,42.42480469,-83.19509888,3,,,
3/7/21 20:19,3/7/21 20:31,R_3hit0bK8iB3pjFJ,5b112baa9663ee000145eed2,42.0440979,-91.6006012,3,,,
3/7/21 20:18,3/7/21 20:34,R_2cuOdrq553CHOM8,5d45c2d1da9cb60015aa4312,42.5144043,-90.69300079,3,,,
3/7/21 20:10,3/7/21 20:35,R_2OSU6jE13Vo4S4k,5c2b4b959f18a9000179a141,36.79429626,-119.8856049,3,,,
3/7/21 20:02,3/7/21 20:38,R_1exAITDLQuv7ScA,5f2087ce96df3538e09a6680,43.09080505,-77.43479919,3,,,
3/7/21 20:21,3/7/21 20:40,R_uqz52TLk3aoIiv7,5ed2958cf3d85d0880db5011,32.80029297,-117.2438049,3,,,
3/7/21 20:16,3/7/21 20:43,R_2dR8xiI51803hMY,5a7618b18fe2dc0001057243,39.70669556,-104.9693985,3,,,
3/7/21 20:27,3/7/21 20:45,R_5hclKANdYG0ljzj,5ea77b0161f86b151f475c8f,33.94610596,-83.41799927,3,,,
3/7/21 20:27,3/7/21 20:45,R_NXBLdU5k16QYhlT,5e683c4d6ca0f9000d3f35fe,36.12359619,-115.2757034,3,,,
3/7/21 20:26,3/7/21 20:50,R_2QKVOBhQDzCl9xq,5c57631a47a04100010da795,44.97639465,-93.22399902,3,,,
3/7/21 20:33,3/7/21 20:52,R_r2p1yWzwAIpaZIl,5dd42e7f35cf744223c60d1b,38.22709656,-81.12539673,3,,,
3/7/21 20:30,3/7/21 20:53,R_21GOkbYXdZFmfDG,5c663cd56fdc87000162e255,40.26919556,-80.16110229,3,,,
3/7/21 20:32,3/7/21 20:54,R_2TMHs4fEq3UHSyx,5f44c445cfb0a801244f652f,42.14950562,-88.02210236,3,,,
3/7/21 20:38,3/7/21 20:56,R_1f7Yj8tAWcBwT66,5cfdd7d53ca1bb00011030d4,41.14129639,-81.34449768,3,,,
3/7/21 20:41,3/7/21 20:58,R_12hbxqKQCrXt80q,5ea434a104834a3d5ab8b0b7,27.8170929,-82.62680054,3,,,
3/7/21 20:37,3/7/21 21:01,R_2co5Ij6kYjewJy5,5f90849f0794511514004e6b,35.65649414,-106.010498,3,,,
3/7/21 20:46,3/7/21 21:04,R_3HG5oZeOGJQZ5CC,5e83a70264ef720de1e5e694,39.85209656,-74.9641037,3,,,
3/7/21 20:40,3/7/21 21:05,R_2ayPs48XHjqMERf,5f0c61f219803a07239a4269,34.09150696,-118.1306992,3,,,
3/7/21 20:38,3/7/21 21:05,R_1i5nEUwoReD4Si6,5f4c5105ad5ee685d48bcca2,42.10969543,-87.93990326,3,,,
3/7/21 20:46,3/7/21 21:06,R_1doE46KDajt0NDG,5ef659991d975d12c6e7c555,41.8782959,-87.69069672,3,,,
3/7/21 20:39,3/7/21 21:11,R_2R9BFosSPvPdXq0,5df9846d76f45070feedf075,33.66130066,-112.0398026,3,,,
3/7/21 20:47,3/7/21 21:11,R_tR6dO7uIvovFhrX,5fa3146a9b17545c04ce5b06,32.78469849,-117.0203018,3,,,
3/7/21 20:49,3/7/21 21:12,R_1NztNsLUOOFcScZ,5c28c65636efd800010f30fb,38.9420929,-122.7776947,3,,,
3/7/21 20:54,3/7/21 21:13,R_3RyboT0JsJkYtsq,5f5d967f60d7fa5fdca4cc4f,41.4098053,-73.58999634,3,,,
3/7/21 20:53,3/7/21 21:16,R_31z2su2BZVLv98Q,5f5d699b1b86c05bcf242f45,39.08279419,-77.16739655,3,,,
3/7/21 20:58,3/7/21 21:16,R_3fruuQYdxcJ175H,5e3a179221d603235d3f85e3,35.15190125,-90.17739868,3,,,
3/7/21 21:00,3/7/21 21:16,R_3NOD5XfXV8Semop,59417543c768a500011c9731,45.53970337,-122.9637985,3,,,
3/7/21 20:58,3/7/21 21:21,R_1hEz6HmEGAHftLk,5eb81d360943fe74d6aba62b,29.97619629,-95.64009857,3,,,
3/7/21 21:05,3/7/21 21:24,R_3nloR5Dte2Ekmug,5e10d288a2c6967a2c655aad,38.56390381,-121.441803,3,,,
3/7/21 21:05,3/7/21 21:24,R_3IYUctu52Y48Ym4,5ea92954ef7ece00096faf5a,37.43710327,-121.895401,3,,,
3/7/21 20:48,3/7/21 21:26,R_bdP5M3TFOsHnKCd,5e3d8d90de328d044e7c6ffb,29.79119873,-95.41819763,3,,,
3/7/21 21:09,3/7/21 21:27,R_28RO4tQwMb1sIGb,5f325ad3c8616a1b5f8c7bd4,41.91369629,-70.63929749,3,,,
3/7/21 21:09,3/7/21 21:27,R_2v1ba2xAJNKWsMZ,5f16f559325a640008bb9a07,34.0848999,-118.2942963,3,,,
3/7/21 20:58,3/7/21 21:30,R_3puxNX48UFiX9zP,5e3dec90ce522506a9045e17,40.63679504,-74.37270355,3,,,
3/7/21 21:08,3/7/21 21:36,R_2VxogJ4MLh1odku,5e5c9623d3e2d3475fea5cff,40.6486969,-111.9682007,3,,,
3/7/21 20:20,3/7/21 21:39,R_2YfVHCiS3ustyWW,5f6f738fef894f0dbf9839f8,34.02639771,-117.9360046,3,,,
3/7/21 21:01,3/7/21 21:41,R_2cpIir4PXGTO4Dr,5aa806e7777df200016088c5,40.90390015,-73.83699799,3,,,
3/7/21 20:48,3/7/21 21:50,R_2WvyWiHMEdRNI2W,5953d01e4d560700016462da,43.32699585,-89.55539703,3,,,
3/7/21 20:54,3/7/21 21:52,R_2uV3xhcdEWuAEz8,559fa17cfdf99b69c369d364,40.75,-111.9208984,3,,,
3/7/21 20:51,3/7/21 22:05,R_2dQLKKIbbULCTrf,5f8abb46e069641705242732,40.75030518,-74.00140381,3,,,
3/9/21 8:30,3/9/21 8:49,R_11dPECsnClhh6v3,5e815773285d3883ba2fbbcf,39.97140503,-86.12950134,3,,,
3/9/21 8:33,3/9/21 8:50,R_21yrOmMzWbJ0I2z,5fa1981e96f8c52d45a92145,40.93499756,-74.11759949,3,,,
3/9/21 8:38,3/9/21 8:53,R_RgX64VSF5LEe0mJ,5f4af15a0add63150e16e55a,42.29710388,-71.06199646,3,,,
3/9/21 8:32,3/9/21 8:54,R_8AhTuD4orbO2DGV,5f8207a58ff53c30743c130b,40.18460083,-76.30149841,3,,,
3/9/21 8:38,3/9/21 8:54,R_2zNN8PdfjvOI8qq,5bd9fed6780d50000109c503,41.74679565,-111.8267975,3,,,
3/9/21 8:38,3/9/21 8:54,R_3QFX7St1NFvuA4Y,5fb97228ff45687f38da7813,33.78379822,-84.44550323,3,,,
3/9/21 8:45,3/9/21 8:54,R_6y4hbpRODJuBzkR,5ba78b71d60daf0001532d5b,40.03210449,-82.90920258,3,,,
3/9/21 8:30,3/9/21 8:55,R_3lxgfdSw19n1bpT,5ea720a669cae10d910fba3e,42.54179382,-83.21299744,3,,,
3/9/21 8:38,3/9/21 8:56,R_2wsmA2qf85dtlol,5f4c9e74da9c148b0d42ecbd,34.06750488,-118.3520966,3,,,
3/9/21 8:38,3/9/21 8:57,R_1IYH1ouIfqxwdiI,5d5c25578af5fd0001ef3aee,35.28430176,-80.76000214,3,,,
3/9/21 8:41,3/9/21 8:58,R_z6I4YEA8tbTVJWF,5aeeb4903c80f200013af2ed,39.59950256,-78.84609985,3,,,
3/9/21 8:37,3/9/21 8:58,R_2101S5MEIAvjR1M,5f89dc068df5520405822b18,37.75100708,-97.8219986,3,,,
3/9/21 8:43,3/9/21 8:58,R_2TN34SHP9rjsN4y,5f3bc0449621ea91bbe1f3a3,41.60820007,-90.3628006,3,,,
3/9/21 8:40,3/9/21 8:58,R_2Ym5LQC0Htj3pvS,5c50c73cecd461000198fea1,40.28250122,-74.3423996,3,,,
3/9/21 8:45,3/9/21 8:59,R_3hryXSMyKicERKw,5e71a80784155f0c75a56c70,44.95089722,-93.33660126,3,,,
3/9/21 8:48,3/9/21 8:59,R_2SGLHMUt1U8MMAA,5f1703a31ea06d025b729ad9,42.05499268,-87.69509888,3,,,
3/9/21 8:38,3/9/21 8:59,R_3vBrNL7V51X0O1r,5f1292bf37bb871f595b147e,40.69500732,-73.79100037,3,,,
3/9/21 8:34,3/9/21 9:00,R_3PHWoXozp1kyyIP,597fe89a1b41a20001749f57,41.62269592,-86.24520111,3,,,
3/9/21 8:46,3/9/21 9:00,R_2qxA8sHDwtiWIqU,5e29d24605043a02e9043472,28.52740479,-81.60119629,3,,,
3/9/21 8:40,3/9/21 9:01,R_1DqVkBoGTCWDpPC,5f5b0f1be585c32184a4cf35,41.92300415,-87.75309753,3,,,
3/9/21 8:35,3/9/21 9:01,R_3soFctSjS9ai6fK,5f23ff398626c51fdd6c3fb5,40.2749939,-76.80390167,3,,,
3/9/21 8:47,3/9/21 9:02,R_12hvEVpQiqMaiXZ,5e643c66f6a4fe1d1400be38,30.41859436,-90.05480194,3,,,
3/9/21 8:43,3/9/21 9:03,R_2ykDBkY5VypmKfL,5dfe8e7bdc8535b21b18ea2f,41.34970093,-88.84149933,3,,,
3/9/21 8:36,3/9/21 9:03,R_29jkwyPN9WQg1ZF,5e9ce0a46976671ceda6082a,34.10780334,-84.50260162,3,,,
3/9/21 8:51,3/9/21 9:04,R_1illMfwozpU2dJO,5e149c03864020aa6e1cf04d,25.75520325,-80.22930145,3,,,
3/9/21 8:47,3/9/21 9:05,R_21jnRW8b6DgOAZr,5eeba89ba5de72356a3c8507,33.82310486,-84.32579803,3,,,
3/9/21 8:45,3/9/21 9:05,R_tQB22u3hhVJHb4R,5f658f418c686c1096675a12,38.59599304,-121.2126999,3,,,
3/9/21 8:43,3/9/21 9:07,R_1hF6G0EKZlvi2Lb,5e876872ca754f08ceb52e9e,46.81539917,-92.19519806,3,,,
3/9/21 8:34,3/9/21 9:07,R_2xWxvLtLY1pJ95M,5f98a3925d36fe1bf099417f,40.67579651,-73.81629944,3,,,
3/9/21 8:49,3/9/21 9:08,R_rl5V1AgFVPbVhg5,5ea90a840928983752c88275,29.57989502,-95.60849762,3,,,
3/9/21 8:39,3/9/21 9:08,R_1me2wwAe8DJvem1,5b2465d4007d870001c7926a,47.73449707,-117.4469986,3,,,
3/9/21 8:51,3/9/21 9:08,R_2zZwpzgMPjTO7Ud,5e975c32ca82b62079dc8f7c,39.3710022,-104.8590012,3,,,
3/9/21 8:51,3/9/21 9:08,R_QnZBoy1V1PJX7sR,5ef1980b60a4447bc1a5408c,43.17720032,-85.24729919,3,,,
3/9/21 8:49,3/9/21 9:08,R_3oyXZfsPOrSot3n,5e7cb742d29f7530898fb99d,40.49920654,-74.49960327,3,,,
3/9/21 8:39,3/9/21 9:09,R_2Tt0CQbIKvFEkI1,5baa535fa3c9170001156197,40.39089966,-74.11530304,3,,,
3/9/21 8:38,3/9/21 9:09,R_TvHzzfp32RNfucp,5f33f5c671dbfc2622aecda4,32.74490356,-117.1650009,3,,,
3/9/21 8:53,3/9/21 9:10,R_WeuK3kVpdqmIgMh,5ac1acb0fa3b4e00017347e1,45.12800598,-93.45860291,3,,,
3/9/21 8:42,3/9/21 9:10,R_3JpXllRRSe8uVBd,5ed559e5afbd830e2117ed55,42.11239624,-87.97899628,3,,,
3/9/21 8:48,3/9/21 9:10,R_dpAYN8tbhAK2pRD,55d5e2c9db6a810006fa078b,33.10620117,-117.2947006,3,,,
3/9/21 8:50,3/9/21 9:10,R_ulwz3vMjzcQAa1H,5e9e19d808b9931ef37373c6,32.82659912,-96.7888031,3,,,
3/9/21 8:36,3/9/21 9:10,R_21cvTHHo8LEooa3,5dcdb60be64aaa07c14065cc,37.17559814,-81.53990173,3,,,
3/9/21 8:59,3/9/21 9:11,R_1hLRu0uKlD2L8C8,5589a860fdf99b11b2d0404d,37.64509583,-84.77030182,3,,,
3/9/21 8:57,3/9/21 9:13,R_1Edpmqc5kd8GNBL,5eb4a91af2291f30f6b73c9c,30.41700745,-84.18499756,3,,,
3/9/21 8:51,3/9/21 9:14,R_1js4oscToha9NuV,56d1af6521cd29000b973ff2,33.63969421,-104.3748016,3,,,
3/9/21 8:29,3/9/21 9:14,R_2PiiMWJ8HVcnr2e,5f021596d7625c0b8e1e2af5,33.79200745,-84.20490265,3,,,
3/9/21 8:36,3/9/21 9:16,R_exRZaMtKFOrF6AV,59a1de0cec2f75000124eeaf,32.69099426,-97.19180298,3,,,
3/9/21 9:04,3/9/21 9:18,R_2qaPM6DWxpkTpod,5de966f5d2601a09dd32169e,41.53999329,-90.56400299,3,,,
3/9/21 9:01,3/9/21 9:20,R_1FSNkjqxvgt0JDX,5ef6d07be683903cd5ae171d,40.08470154,-82.79879761,3,,,
3/9/21 9:05,3/9/21 9:20,R_VKWmYGSbQTYzHz3,5d278cc85e946f001b305b46,32.24859619,-96.2161026,3,,,
3/9/21 9:05,3/9/21 9:21,R_2t3gtL4UAJeeHfd,5ec446f8ec26b7323a065827,34.20370483,-84.10310364,3,,,
3/9/21 8:44,3/9/21 9:21,R_qOxmMvCDSTEtJkJ,5977e3867412f8000194e1fe,41.92149353,-87.64459991,3,,,
3/9/21 8:51,3/9/21 9:22,R_3elCmt9z86fOA6f,5f575f51650eb61e982df8ef,37.47200012,-122.2312012,3,,,
3/9/21 9:05,3/9/21 9:22,R_bJIuUPdFGDiGJbz,5f8120ed0c4ed61e386b4302,38.97790527,-77.08059692,3,,,
3/9/21 8:52,3/9/21 9:23,R_2co22S0VnHtJ0ZB,5e3581ed0082f15283413024,29.54429626,-98.54989624,3,,,
3/9/21 8:51,3/9/21 9:23,R_3dUd4uAPYffG7FD,5e76c87c0fd39b22d52eba04,32.28460693,-84.08370209,3,,,
3/9/21 9:09,3/9/21 9:23,R_D0O0NtXN2DEWpWN,5e67b5c4a027430517877069,40.76409912,-74.16539764,3,,,
3/9/21 8:56,3/9/21 9:24,R_2QPriHYqXef8reu,5fb93ffbd40ee27661244708,41.44590759,-81.42120361,3,,,
3/9/21 8:56,3/9/21 9:24,R_3kq81aE8nMMX3Rm,5c0a696aa4e5fc0001759543,40.49920654,-74.49960327,3,,,
3/9/21 9:10,3/9/21 9:24,R_2BhONdFJJkFlit7,5f4efdf2ea8a7815d52206a7,41.92900085,-85.00270081,3,,,
3/9/21 9:01,3/9/21 9:26,R_3oMfMiFwOtUVHP8,59b1986ac05bb50001eb3a5f,38.88510132,-76.88909912,3,,,
3/9/21 9:09,3/9/21 9:27,R_2qDWgDrmIWSic8o,5d73b97a40e4bc00019e1db8,32.74459839,-97.38420105,3,,,
3/9/21 9:04,3/9/21 9:27,R_2CDmEG24iqalLJf,5a78dbb9ae9a0b0001a97212,45.60400391,-94.15910339,3,,,
3/9/21 9:15,3/9/21 9:28,R_3qChQnDtQFmDT88,5c5dba4ed86a7f000191e5d5,34.95350647,-120.4347992,3,,,
3/9/21 8:59,3/9/21 9:30,R_2doMALwSt4w31vK,5f17821d53d8590009cfc951,34.70950317,-86.73609924,3,,,
3/9/21 9:11,3/9/21 9:30,R_2PaOtqtFGJoMAa8,567dd32b4f0ef30006dbb718,36.03219604,-79.8588028,3,,,
3/9/21 9:12,3/9/21 9:32,R_1IGCwXjZgWjqO10,5ea70b0537c5170b90ece8ac,40.73109436,-111.8564987,3,,,
3/9/21 9:07,3/9/21 9:32,R_1LZFl56aNPPREf5,59d5c894c732930001d88b5e,47.15800476,-122.5462036,3,,,
3/9/21 9:13,3/9/21 9:33,R_2w04c2fiWTTzYZq,5d818a4fc7221b001aee787c,35.31930542,-80.74559784,3,,,
3/9/21 8:39,3/9/21 9:34,R_OJfz20oG3RIq3GF,583b397f54686200010f1d20,35.11500549,-80.70610046,3,,,
3/9/21 9:19,3/9/21 9:39,R_1IQ1IRqwWXVDfaQ,5d69ce82b669b400152c8309,39.66140747,-77.6914978,3,,,
3/9/21 9:03,3/9/21 9:41,R_1ghIGyhX0axWt0K,55b424e1fdf99b526efcf8d0,35.74450684,-95.3451004,3,,,
3/9/21 8:39,3/9/21 9:44,R_1K0H8vXYIFcAOpn,5f5740c8bb4b671aabc948bd,42.88000488,-73.99130249,3,,,
3/9/21 9:20,3/9/21 9:45,R_BqSNM2v8Gw14KOJ,5fb69cacddba6408f81a9564,40.78860474,-74.16339874,3,,,
3/9/21 9:27,3/9/21 9:45,R_1FSd4JtaJKFxuMQ,5e29ed78eb557a05536b8442,37.46380615,-77.39800262,3,,,
3/9/21 9:24,3/9/21 9:46,R_12i3w3rAGkwVw4M,5de579912238364fcdf1a97d,33.7539978,-117.8578033,3,,,
3/9/21 8:54,3/9/21 9:48,R_tKbDrOlECOFtamd,5f417c68f81466334881ed0c,41.51019287,-87.74060059,3,,,
3/9/21 9:25,3/9/21 9:48,R_3qlJSHBeRYYTMyc,5d63867550d0dd0017805976,47.89770508,-97.03939819,3,,,
3/9/21 9:26,3/9/21 9:50,R_3JgSOFv9tMfS0k8,5c756f32c3c75a0001334269,44.54580688,-88.10189819,3,,,
3/9/21 9:35,3/9/21 9:53,R_1jrMCqP4ZorP6Ka,5484949efdf99b0379939cc6,40.78689575,-96.69619751,3,,,
3/9/21 9:32,3/9/21 9:54,R_3r1VN2L5LXzU4GP,5e0e31c179f2fa58ed5bc904,36.02290344,-78.9464035,3,,,
3/9/21 9:38,3/9/21 9:55,R_QaVVgoXGjzx05AR,5e85efd69c5a6f1ec0d97903,42.05499268,-87.69509888,3,,,
3/9/21 9:41,3/9/21 9:57,R_1CKPRrufs4XeHac,5faef74f65e3370f9cbc7620,47.26660156,-122.0341949,3,,,
3/9/21 8:59,3/9/21 9:58,R_3HzY77RjJW7AWHh,5ae59f8cc3c3ab00018f7185,26.66810608,-81.76460266,3,,,
3/9/21 9:11,3/9/21 10:01,R_2uOMPi0lln57gVk,5fadec41796fc522846012f9,40.31770325,-79.72229767,3,,,
3/9/21 9:02,3/9/21 10:04,R_sTNHQ26haGXmWUV,5f828002935db93a4d29d577,32.46989441,-90.11019897,3,,,
3/9/21 9:39,3/9/21 10:05,R_332SntqLwwuqkTX,5dd2c9f2c925a82e5167ef8b,28.14509583,-82.51319885,3,,,
3/9/21 9:30,3/9/21 10:05,R_UyjIaZEj06op97z,5d012930cfeb82001817c9c9,37.46510315,-122.1430054,3,,,
3/9/21 9:48,3/9/21 10:07,R_XFV4iRNFIBSP6YF,5e63e24eaf3bd51660031dbe,31.50950623,-97.2303009,3,,,
3/9/21 9:36,3/9/21 10:13,R_27xOsgpZdvDyWwp,59ffb939517dfb00013dadda,33.56289673,-112.0519028,3,,,
3/9/21 9:45,3/9/21 10:16,R_27l0Fwmuff9CeRv,57d6dd8d6598aa000199188b,37.2940979,-121.8995972,3,,,
3/9/21 9:30,3/9/21 10:19,R_VPZ8CndTslvqxVv,58f0fca0d40252000192f201,40.68769836,-73.92669678,3,,,
3/9/21 10:05,3/9/21 10:27,R_11jCxXVgWpR0Fdb,5f31c7c8152f590f64c8e902,40.84460449,-74.57489777,3,,,
3/9/21 9:47,3/9/21 10:33,R_2uIL5FIROdOXdrM,5e4b0189cdf5a6011838a6a2,32.43009949,-80.66940308,3,,,
3/9/21 10:22,3/9/21 10:36,R_T7wbYBNeSOXVZyp,5d485db699f83a00012bc391,42.64810181,-86.167099,3,,,
3/9/21 9:54,3/9/21 10:38,R_24BPx237se2veZb,5dc797a6a4cc4255f8ea588e,38.55760193,-121.4852982,3,,,
3/9/21 10:25,3/9/21 10:47,R_2pMloRrZHlG0ebO,5e8aa39f3dabf475987ddaf3,40.34950256,-111.8998032,3,,,
3/9/21 10:28,3/9/21 10:55,R_4UcvGCrntHuSxm9,5da883c13b410d0017c55b0f,45.40849304,-122.7980957,3,,,
3/9/21 10:31,3/9/21 10:57,R_2tFmsNTsWsNbuS8,5e92a1a4fc57e20f92eef47f,34.10600281,-118.3607025,3,,,
3/9/21 10:39,3/9/21 10:58,R_3po4XCj1CX2imZe,5fb995caed317d87520d55a7,33.24899292,-117.0121994,3,,,
3/9/21 10:34,3/9/21 11:02,R_2dyJ1Ot39GFVrUo,5f3898caed1478189b8462a0,42.81149292,-73.86489868,3,,,
3/9/21 10:47,3/9/21 11:05,R_bq1MLyOUDSq9IXv,5f4c043843154b0efb8a1a25,36.08970642,-78.92970276,3,,,
3/9/21 10:48,3/9/21 11:07,R_dndfZG6meFbe03n,5d1cc8c3baf85a0001fcd973,30.42739868,-84.25800323,3,,,
3/9/21 10:55,3/9/21 11:08,R_XGqgq3CyagCZ5Xr,5f877b0fdf57661a49364047,40.49920654,-74.49960327,3,,,
3/9/21 10:25,3/9/21 11:14,R_3HFUeiC6LpAQ9bB,5c0e8c65a2f251000137e916,34.00300598,-118.4297943,3,,,
3/9/21 10:56,3/9/21 11:14,R_ZjFYlJAcGTgwrL3,5ec76194079cdc1b61767c3b,34.19790649,-118.5371017,3,,,
3/9/21 11:01,3/9/21 11:19,R_eyvEt03OfJUHI1X,5bebd4111296920001d55c5a,39.80259705,-84.01540375,3,,,
3/9/21 11:05,3/9/21 11:19,R_3IQU5jAUWCChg40,5d6d54f672f55a00010507d8,33.73719788,-117.8231964,3,,,
3/9/21 10:47,3/9/21 11:20,R_plpnt5QNaBqn9ND,5b6f49b7d60bdd0001ade437,42.73680115,-78.83580017,3,,,
3/9/21 11:08,3/9/21 11:25,R_2xDB96Ez2Q1FlfL,5f989fa02b5a611b2df1a305,38.8217926,-77.05310059,3,,,
3/9/21 10:29,3/9/21 11:26,R_2abg1fTQWfZv3Zi,5d76d2f7daf4bf00164d585b,26.45249939,-80.15619659,3,,,
3/9/21 11:03,3/9/21 11:26,R_1OH6g2VNXCJ5Keg,55dd3e6450a1f7001090e2e5,35.06440735,-89.67590332,3,,,
3/9/21 11:16,3/9/21 11:32,R_1j6T9Uz9au7WzlA,5e5293866f83902a1858dc08,41.88679504,-87.63860321,3,,,
3/9/21 9:39,3/9/21 11:33,R_1rBb7zYWWkPyTCj,5e37b3d7abde98738c0f1e7c,40.79299927,-74.02469635,3,,,
3/9/21 11:07,3/9/21 11:34,R_XInWpQhxRfkovHH,5f2083ac02b8d238f29c9146,38.60960388,-121.4443054,3,,,
3/9/21 11:23,3/9/21 11:37,R_10pVOnYOtcPWhls,5fa41b6733b31601ac3f79c5,42.37249756,-71.18139648,3,,,
3/9/21 11:04,3/9/21 11:39,R_1eDg7gniUa6Pa0o,5cf61f1ec0d98b00196ebc90,43.60769653,-83.94979858,3,,,
3/9/21 11:31,3/9/21 11:43,R_3snReDUSsARfJfX,5d474d1fab2d280015bb0110,34.06480408,-118.0859985,3,,,
3/9/21 11:22,3/9/21 11:46,R_3R9nmwF7Wyvm5Fw,5efb5360f3f69c084c1ca850,40.751297,-73.82440186,3,,,
3/9/21 11:31,3/9/21 11:57,R_1P8aX6asUBfKmBC,5f18ce0eb95e060fcd1c7d37,40.58369446,-74.41359711,3,,,
3/9/21 11:29,3/9/21 11:57,R_1fk2hwwkWKGWRHi,55abb1a5fdf99b501fab62e3,38.95120239,-76.49440002,3,,,
3/15/21 18:23,3/15/21 18:47,R_UAvWflm3ByD927f,566a19b57da035000fb39b89,40.03450012,-75.11930084,3,,,
3/15/21 18:28,3/15/21 18:48,R_3O0muyDmSu076JV,5a2fd74c3eff6600016f21ee,40.54069519,-74.31400299,3,,,
3/15/21 18:25,3/15/21 18:55,R_2uD4XysEb5n9k26,5e373f33a42bce6daa55ea65,40.60380554,-112.0404968,3,,,
3/15/21 18:38,3/15/21 18:57,R_0Sz9ZIiNjEHtexP,5ee642c9f5cb343a58b1ef13,41.58999634,-93.86039734,3,,,
3/15/21 18:41,3/15/21 19:02,R_28Bd1dmSgjIWyaP,5db0a97f127d4000117cdfa0,41.09959412,-80.75229645,3,,,
3/15/21 18:55,3/15/21 19:12,R_82stt6hkOeMy0rT,5ee68971dde4ef4056079287,38.76800537,-121.3348999,3,,,
3/15/21 19:02,3/15/21 19:18,R_pREVfTttmnCnFsZ,5f2c8224fe28eb1733a4c293,37.55490112,-122.2707977,3,,,
3/15/21 19:05,3/15/21 19:25,R_27Ioqyw2rONZJXG,5f42b557f859ca4b3395dc8b,33.4342041,-111.8453979,3,,,
3/15/21 19:15,3/15/21 19:26,R_2zUDRpUDTJkQFxM,5f36f5c5a9ef8615f1333ab1,42.04690552,-88.10510254,3,,,
3/15/21 19:09,3/15/21 19:29,R_3hno01pl9mDex4G,5f6b438b23368b2429be7e74,20.63789368,-103.3473969,3,,,
3/15/21 19:01,3/15/21 19:32,R_1F8RlwGM8pge5jt,5f45dd2eaab81c216427d57c,39.26449585,-76.62239838,3,,,
3/15/21 18:24,3/15/21 19:33,R_1me0NBSd7PX8ePn,5c79bc94d454af00160e2eee,40.53770447,-105.0546036,3,,,
3/15/21 19:06,3/15/21 19:37,R_1lfstVQF1bZ1gis,5fb08ec5ddc19949a58f5a4f,31.77430725,-98.99019623,3,,,
3/15/21 19:28,3/15/21 19:54,R_1SntHJUFqVhZjO1,5d20189bb34728001a230962,30.04089355,-95.53019714,3,,,
3/15/21 19:38,3/15/21 19:55,R_OBtbWH7P3JFD5yF,5f848e4bde188f1084c681bb,40.62080383,-74.04260254,3,,,
3/15/21 19:18,3/15/21 20:00,R_1g0coo45vCVSQzC,5dc32687547c1f24648b7c23,37.28210449,-121.8310013,3,,,
3/15/21 19:55,3/15/21 20:13,R_3M9SNjsf4CBoNf9,5f4c86be4598118a06c149da,39.04620361,-77.11949921,3,,,
3/15/21 20:08,3/15/21 20:30,R_28D4xmdJQIF8aX6,5ededa791eabd41875e762e3,41.65739441,-87.67980194,3,,,
3/15/21 20:01,3/15/21 20:31,R_z6Drrae3mM9kepX,5f710cf8423f15749e53499b,37.43710327,-121.895401,3,,,
3/15/21 20:13,3/15/21 20:35,R_1H5yTfCjpCOTx3h,5f331fb84158171233e6f0a3,37.77029419,-122.4407043,3,,,
3/15/21 20:20,3/15/21 20:42,R_7Og8Ew3eWqgra7L,55a43cf3fdf99b02ff6cb0b4,32.60650635,-117.0579987,3,,,
3/15/21 20:15,3/15/21 20:42,R_1mx6VWpUyXhndnC,5f420cd40061580008f221a9,32.49729919,-86.36489868,3,,,
3/15/21 20:39,3/15/21 20:56,R_2rpx5WJl5mXCspA,5a9c44d2f05361000172055b,41.90319824,-87.63829803,3,,,
3/15/21 20:21,3/15/21 20:59,R_1JELZ9hvUTSohJj,5f388b8106b3213b2d460b7c,34.02839661,-117.2872009,3,,,
3/15/21 20:50,3/15/21 21:09,R_2QL5mBLAvjfZHTE,567adef5b7d79a0012b26b95,33.83210754,-118.1739044,3,,,
3/15/21 21:36,3/15/21 21:55,R_CldeKPnS3oPKuqJ,5ca58b943ac2e200116f3524,33.85780334,-117.7868958,3,,,
3/15/21 22:47,3/15/21 23:13,R_PXSITw1ScfiZpMl,570758d5374137000fbb68cd,26.45249939,-80.15619659,3,,,
3/15/21 22:42,3/15/21 23:52,R_1puoKw5Lc2GF4nq,5f888a84d0200d03067e17ed,40.75030518,-74.00140381,3,,,
3/15/21 23:30,3/15/21 23:53,R_1ialaJUL6HpkEs1,5f2a856a87f6262b2f345c92,38.99940491,-77.03359985,3,,,
3/15/21 23:10,3/16/21 0:04,R_3pijp1UpxeKiaXD,5dd9923922749791b319fc19,37.62390137,-77.43090057,3,,,
3/16/21 1:59,3/16/21 2:15,R_2RVBGSg5KMBNsre,5e71556788152e079f80b73b,33.78729248,-117.9230957,3,,,
3/16/21 2:07,3/16/21 2:27,R_1BOXR2UNPD0m4QS,599ec7dc617ca80001fcd124,42.37680054,-71.06109619,3,,,
3/16/21 3:38,3/16/21 4:01,R_Y96HdIXVjsT2K2t,5ec59870db44d65d215887fb,30.67010498,-81.46579742,3,,,
3/16/21 3:53,3/16/21 4:38,R_1GUfSmXZSdqDure,5d4ac837d2844e0001ecf699,34.1230011,-117.8988037,3,,,
3/16/21 4:58,3/16/21 5:36,R_1fdTVahuoi4qBVS,5f961b0cf20c251606aa4388,33.87820435,-117.9566956,3,,,
3/16/21 5:36,3/16/21 5:58,R_2tnTR3Sr1rrEZtL,5a693e48c0d8360001082fda,38.33650208,-77.43659973,3,,,
3/16/21 5:41,3/16/21 6:01,R_3svsLEaoyHXbCoO,5fa00df9f09b1d00088801ee,40.03640747,-75.22190094,3,,,
3/16/21 5:51,3/16/21 6:09,R_UMGuaVWQkKDnwNr,5edc1c94293f3b0d59aef267,40.70530701,-74.08660126,3,,,
3/16/21 6:36,3/16/21 7:03,R_2zMADizKHEKw0Jg,5de7c6d448241d73d36ceaef,42.19549561,-83.48940277,3,,,
3/16/21 6:49,3/16/21 7:19,R_2X5KVQHNAFatTjN,5e172ad9c2642a0345b911b7,31.41209412,-95.99040222,3,,,
3/16/21 7:16,3/16/21 7:31,R_aaY0I5QGapLNXUJ,5f46fd0e30f69f0de0dfa38c,38.90910339,-77.02030182,3,,,
3/16/21 6:51,3/16/21 7:32,R_3g1Plt2GcK8T2w0,5cd8d86210887400182db201,35.9375,-84.07299805,3,,,
3/16/21 7:12,3/16/21 7:47,R_3dWjND8H1ohS7D1,5cd063ce657e300016f6c95a,47.69869995,-117.4396973,3,,,
3/16/21 7:28,3/16/21 7:49,R_3FP79FWldIXMUtn,5e32cbad3db17e2868d1f41e,39.95809937,-82.80680084,3,,,
3/16/21 7:36,3/16/21 7:51,R_22ofcSgqM5pLPNG,5bd4143d669ee1000144ac35,32.24479675,-111.0214005,3,,,
3/16/21 7:36,3/16/21 7:55,R_3oRY5XROQIjzuEo,5e82058f966ad50402491919,40.71260071,-74.00659943,3,,,
3/16/21 7:18,3/16/21 8:01,R_ZF9UsHRoQZwhfqh,5d924f2a5b219e00183ae94b,28.62249756,-81.43170166,3,,,
3/16/21 7:48,3/16/21 8:05,R_NXD3vZWVXzVbCfv,59d44f0a078dbe00019511a9,40.76530457,-73.95890045,3,,,
3/16/21 8:04,3/16/21 8:34,R_1pWDJJ3Hg5A9Aj8,5e30d68e4de4510d34b66da6,39.75520325,-75.53119659,3,,,
3/16/21 8:21,3/16/21 8:53,R_3DJaU15HHvPMA7v,5eaa605c7c3cbc1f14421a94,26.29750061,-80.18160248,3,,,
3/16/21 8:56,3/16/21 9:20,R_10qrOg34DY13zU8,5ee1880a6df8691a7b0c36f0,33.61279297,-117.6622009,3,,,
3/9/21 8:51,3/9/21 8:52,R_BxeqwzeMkZaUZOx,5eba357c3d72c116be317542,,,3,,,
3/16/21 10:10,3/16/21 10:28,R_3hrxsfUcnnuwTcy,5ed434531abc010dd521f5da,38.16079712,-85.78070068,3,,,
3/16/21 10:24,3/16/21 10:45,R_2w5iAjIauk6roiV,5ebfa8e876e71738dd5eec17,32.82460022,-117.1970978,3,,,
3/9/21 9:00,3/9/21 9:01,R_2ZCUKmRyN9ytyJz,5d278cc85e946f001b305b46,,,3,,,
3/9/21 8:38,3/9/21 9:06,R_1jrzsnnVOW0nAQI,5ba3b4b2509a380001bee71d,,,3,,,
3/9/21 8:52,3/9/21 9:11,R_R4cipZsQe1nfFuN,5f1e9b5ffe1f70029559f24c,,,3,,,
3/9/21 8:48,3/9/21 9:46,R_1ohavGQLVfcVR3n,5f7c9785b5861b0e5f9d663d,,,3,,,
3/16/21 12:53,3/16/21 13:57,R_3hDyyrS7VoqNWGl,5e4a1730c94447480594cea4,40.51530457,-112.031601,3,,,
3/16/21 15:19,3/16/21 15:36,R_u4a2xfBnczO5C7f,5e5ab88a43f33029b119a48c,39.07150269,-76.69629669,3,,,
3/16/21 16:02,3/16/21 16:26,R_3esrtS81N1MGo53,5c8d1bee1bb19f00019d519e,35.22270203,-80.79380035,3,,,
3/16/21 16:32,3/16/21 17:00,R_3VnLC5q6EwBlEhb,5d5b0dd7c032a2001ad7cf5d,41.79379272,-72.85810089,3,,,
3/16/21 18:05,3/16/21 18:21,R_2xLSP7o7HtLMhuU,5ca5435273897b0001de44ff,37.52810669,-121.9732056,3,,,
3/16/21 17:45,3/16/21 18:22,R_3nNTpw8v5TOgBPw,5c720c7278263500015665f9,33.51190186,-101.9316025,3,,,
3/16/21 19:24,3/16/21 19:44,R_3J2dZSUMGEyrs4s,5d5b7e9d47c19900019db3c3,26.27290344,-80.26000214,3,,,
3/16/21 20:27,3/16/21 20:55,R_Wulc3OygoChX4AN,5d5c98f6121fc80001960e82,42.51800537,-83.1576004,3,,,
3/16/21 22:25,3/16/21 22:41,R_2tul5oEnPxFD6z8,5e52be2a3771352c9f14de1f,38.48190308,-121.4024048,3,,,
3/17/21 6:42,3/17/21 7:27,R_2dSBzWK7YHJuNZJ,5c7c73b6f48c6d0001f6f49c,40.66270447,-73.9138031,3,,,
3/17/21 11:26,3/17/21 11:46,R_XYZEk5urlLHhV6h,5e4dd61e228f8723566e06d4,41.49459839,-90.56749725,3,,,
3/17/21 16:41,3/17/21 16:57,R_1FlEvpuzRGjV0Vy,5c049e9bad9a9700011b877b,42.76860046,-86.11699677,3,,,
3/17/21 18:10,3/17/21 18:27,R_1dnNJppY3oT9bcL,5f5148f4d786b736ee294a07,45.51109314,-122.5999985,3,,,
3/17/21 19:30,3/17/21 19:45,R_1Lb2J1dvW7nZR5m,5edb08d518022777ff0c00ca,47.61309814,-122.2052994,3,,,
3/18/21 0:45,3/18/21 1:27,R_3enuxceoLpVj3I8,5f90499feba83f0be5fbc60c,42.91020203,-78.66249847,3,,,
3/18/21 3:38,3/18/21 4:06,R_qLwnDKroTWJ0tjj,5f6fefff894b925bae01053c,36.29420471,-80.3608017,3,,,
3/18/21 6:41,3/18/21 6:59,R_1Quyi8Lmar6hwlg,5c7e843f9c3fc00016f4e5a1,35.14100647,-106.7109985,3,,,
3/18/21 11:01,3/18/21 11:23,R_3fxhy5kswTVBAcP,5f1393a3d005e83a02b5f0fa,39.75050354,-75.33229828,3,,,
3/18/21 12:57,3/18/21 13:11,R_TaThAdzuWXesdO1,5d93b788fdfe9d001c00c255,42.27090454,-83.72679901,3,,,
3/18/21 14:39,3/18/21 15:05,R_31yEYgm1EUcCJ3o,5e6484158bd03f1f1bdc1821,45.40939331,-122.5164948,3,,,
3/18/21 14:44,3/18/21 15:33,R_2VsagE8Kz0HJZRD,5adcefb65f327e0001fb4c05,41.29400635,-96.05410004,3,,,
3/18/21 18:57,3/18/21 19:24,R_Ap8UbjmZYAp1lzr,5fac81997dc9eb28a3ad0530,33.76319885,-116.4228973,3,,,
3/18/21 21:30,3/18/21 22:02,R_2t2Q7CwAJ4p18W9,5bf6fc936c445d0001aeba98,38.66140747,-121.2635956,3,,,
3/18/21 22:35,3/18/21 22:54,R_p5zoGHhs9nAVIwF,5d10eaf23afd390019075267,39.14169312,-84.51719666,3,,,
3/19/21 10:54,3/19/21 11:07,R_eQCkTsOp9G5X5ux,5b07b71c68eff50001d1c859,38.76800537,-121.3348999,3,,,
3/19/21 15:54,3/19/21 16:19,R_1r2frH15yXHYHae,5f7012d59b7f225dc1ba2090,34.0861969,-117.9640961,3,,,
3/19/21 18:19,3/19/21 18:33,R_bQH7ysFmDt07QrL,5e9b621702bbdc069b2496c4,33.6526947,-117.5952988,3,,,
3/19/21 22:25,3/19/21 22:36,R_7OJWDHkay2bL7od,5f1998331d7b7a000b673e10,40.58279419,-73.95320129,3,,,
3/19/21 22:51,3/19/21 23:35,R_3G3betXbsTzyasf,5f420d1c13ccec013f15fd32,41.77229309,-87.979599,3,,,
3/20/21 1:08,3/20/21 1:29,R_5zMAvXwWvuLLeIp,5d81746b784c7600198580ee,44.90359497,-123.0460968,3,,,
3/20/21 6:55,3/20/21 7:15,R_1H2emVQcHkUJIQU,5e88bbc1cd23220008a323a1,39.86849976,-85.96900177,3,,,
3/20/21 14:30,3/20/21 14:58,R_1cZb9Ssg5k0UC86,5ef7bc9de683904f56114114,40.93499756,-74.11759949,3,,,
3/20/21 20:31,3/20/21 20:50,R_2OGSEd3tu5UiZjY,5e8953f2e770eb5f55dfc4c0,37.63130188,-122.0975037,3,,,
3/20/21 21:12,3/20/21 21:29,R_AvrYtOY7G00Fm5H,5b6a593840003400017013a0,32.96359253,-96.74680328,3,,,
3/21/21 7:57,3/21/21 8:16,R_1F9e6KcCq10QAdV,5fba825421064da598d29afc,46.79980469,-92.09069824,3,,,
3/21/21 18:56,3/21/21 19:15,R_yKP62dLi8YGGuxH,5a7dfc2c5292b8000122bd74,33.1177063,-96.67910004,3,,,
3/21/21 19:36,3/21/21 19:53,R_3r1YKZk9Cu7COwP,5f4fd146ee39f70f490889c9,38.79429626,-90.28170013,3,,,
3/22/21 5:30,3/22/21 5:45,R_1IQuVwkh9i47C8r,5ca17355f1e809001169e3c8,34.23190308,-84.16269684,3,,,
3/22/21 14:28,3/22/21 14:44,R_DAZW2b7lEftue2Z,5f136b2be9d1e835fdb8595c,26.11669922,-80.12860107,3,,,
3/22/21 17:09,3/22/21 17:33,R_3p3diRmZLF6bZPV,5d50567697082b0018f7f481,43.17019653,-77.69229889,3,,,
3/22/21 19:37,3/22/21 19:52,R_3h6dLPHMvNZD6VS,5dcee367dfe9da022ea9a4ce,42.5796051,-70.76740265,3,,,
3/15/21 19:16,3/15/21 19:59,R_32Yn7LvIoOp1wk6,5f557591aa1c4e950ba02f01,,,3,,,
3/22/21 19:53,3/22/21 20:09,R_1JCVb0C6tVf3kre,5e2b3b032f20ff188d7223d1,41.90249634,-87.67259979,3,,,
3/22/21 20:21,3/22/21 20:38,R_3HSKol5tUgAHhw1,5f481f85c6a7d02c489665f2,41.28460693,-73.89040375,3,,,
3/15/21 20:36,3/15/21 20:51,R_1C2w1hBVShzOVCn,5f02cea120393a16d40a9594,,,3,,,
3/16/21 4:43,3/16/21 5:04,R_2wbmI4WV5hUBm9o,5f22b877a43a2001e3f92b73,,,3,,,
3/16/21 5:42,3/16/21 5:50,R_1pWP4KRNGMwzIsl,58cbd23d5d42920001414dd8,,,3,,,
3/16/21 6:55,3/16/21 7:00,R_OvAIFGRLSqTnvuV,5e82058f966ad50402491919,,,3,,,
3/23/21 8:34,3/23/21 8:53,R_2t9YicFIBrFhYmn,5f0763da47bd2b3561e8d085,40.36990356,-74.63809967,3,,,
3/16/21 10:18,3/16/21 11:45,R_7WXjKLlVDLquxfX,55b1add5fdf99b6731f04c5a,,,3,,,
3/23/21 17:22,3/23/21 17:38,R_2PARfMIcPROB2yx,5f45b981840d0e1e55ff0337,41.87330627,-88.11630249,3,,,
3/23/21 23:48,3/24/21 0:08,R_3EVZ40VFvBmjA49,5fb1f7ff97dc09759ad6e4fe,33.90989685,-118.2357025,3,,,
3/24/21 8:33,3/24/21 8:55,R_1HqoimOkaA7TLhJ,5dc61f40655ad2483fad8d9a,29.16569519,-82.12729645,3,,,
3/24/21 19:09,3/24/21 19:26,R_SNaXApkJOd79Cyl,5d824fa9be1eee0016258e42,29.41870117,-98.6882019,3,,,
3/18/21 6:33,3/18/21 6:34,R_pcraKMsMysmTZZf,5c6d590ca190e0000103ec5f,,,3,,,
3/26/21 12:59,3/26/21 13:12,R_2f1aFo6W4nDXnJg,5aae902ff34c4300010ebd55,42.15060425,-76.05509949,3,,,
3/27/21 8:28,3/27/21 8:57,R_xgh3k3wrxqK6igp,5ef8f930b5a6aa0a346e63d3,34.68479919,-92.28130341,3,,,
3/27/21 13:10,3/27/21 13:30,R_1qUJ1ggPm2gmVUq,5f47fb27144b1c26977010d2,41.168396,-73.84980011,3,,,
3/27/21 19:21,3/27/21 19:44,R_290uzDwVYXUQVKa,5f864f232c819c1ad1486d7b,29.65809631,-95.54129791,3,,,
3/27/21 22:39,3/27/21 22:57,R_1C2DIpshU4sSQB2,5f524e7407f3574c7f05fa45,42.41879272,-71.15570068,3,,,
3/20/21 19:22,3/20/21 23:52,R_3koATGQToFRnmjn,5c671f12a26a8500014431e7,,,3,,,
3/28/21 9:01,3/28/21 9:19,R_cZylE6ez2i1E4Zb,5ed1cd25eb6dc1122dbd700f,33.47720337,-84.05539703,3,,,
3/28/21 13:56,3/28/21 14:30,R_1FfTE3jcWqazGVu,5f4b00659e84256d54dc2fa7,35.41549683,-80.61430359,3,,,
3/28/21 18:17,3/28/21 18:49,R_3qeyU1qXk4Ktk7o,5f28cde4320ac7000836bd44,42.11239624,-87.97899628,3,,,
3/29/21 13:17,3/29/21 13:49,R_1NfQrm5R0BfEuPf,5a348ea750833c0001ee9550,42.05810547,-70.80770111,3,,,
3/29/21 19:48,3/29/21 20:10,R_0CIBmYfcriF7phn,5ef699fc5e0cdf000c6be4e0,45.5375061,-122.5988998,3,,,
3/30/21 6:52,3/30/21 7:06,R_29h51B27iDhX4fV,5af9ad0233b0ee00011eecb8,42.12930298,-72.75219727,3,,,
3/30/21 21:49,3/30/21 22:03,R_3DoPrySCLoWOnIc,5ce3b2031497a8001684691f,34.10209656,-118.0474014,3,,,
4/1/21 14:34,4/1/21 14:48,R_1EZrcwEFEi8TeIp,5f2762fd4875420d9c0c0fa2,41.46940613,-81.85410309,3,,,
4/2/21 5:26,4/2/21 5:50,R_31n649nmGndly2R,5eefffc64a6f612cce2f349d,44.67070007,-93.25879669,3,,,
4/2/21 9:32,4/2/21 9:55,R_2DXOce2hnwHgz91,5f9b5a4e6a200236cbdcb1bb,40.07940674,-76.31410217,3,,,
4/3/21 8:16,4/3/21 8:36,R_9QRbkfpgoUIYARH,5e8a224936bc636c1b0152cc,39.95640564,-85.96510315,3,,,
4/4/21 7:52,4/4/21 8:07,R_3HRoMlIH2rOePQk,5efff21045937e0f18c41b2e,39.68040466,-86.13059998,3,,,
4/4/21 20:36,4/4/21 21:06,R_2XagAwgmb6lwGug,55d35a55da14d7000595331e,36.79429626,-119.8856049,3,,,
4/5/21 16:59,4/5/21 17:27,R_2yeI702QuUpObsy,5cb80f255a63a200167ead10,38.00520325,-84.42299652,3,,,
4/7/21 7:46,4/7/21 8:28,R_RWfhTVgZotEj5zr,5ef6bb87b83f3b000a3f04ae,42.95700073,-87.9897995,3,,,